Ticker,risk_gate_status_v2,risk_gate_reason_v2,reward_risk_v2,conviction_v2_base,conviction_v2_final,buy_amount_v2,shares_to_buy_v2,reliability_score_v2,fund_sources_used_v2,price_sources_used_v2,fund_disagreement_score_v2,price_variance_score_v2
MMM,reduced,rr_gate=reduced;rel_gate=full;quality=good,1.049413559721979,45.85560314858836,22.621782225525447,50.0,0,51.38241646281614,"[""Fund_from_FMP"", ""Fund_from_Finnhub""]",[],81.25,88.82416462816138
AOS,full,rr_gate=full;rel_gate=full;quality=good,5.0,57.736649822558384,52.19424302005698,50.0,0,51.577665483722555,"[""Fund_from_FMP"", ""Fund_from_Finnhub""]",[],81.25,90.77665483722556
ABT,full,rr_gate=full;rel_gate=full;quality=good,3.0967031564764818,52.04229124915795,48.54881067080844,50.0,0,51.68121186485667,"[""Fund_from_FMP"", ""Fund_from_Finnhub""]",[],81.25,91.8121186485667
ABBV,reduced,rr_gate=reduced;rel_gate=full;quality=good,1.2028935472182678,46.336668067665336,23.9411737345429,50.0,0,51.51991617340359,"[""Fund_from_FMP"", ""Fund_from_Finnhub""]",[],81.25,90.19916173403585
ACN,full,rr_gate=full;rel_gate=full;quality=good,5.0,57.71527338002553,52.14551603585538,50.0,0,51.43515586683685,"[""Fund_from_FMP"", ""Fund_from_Finnhub""]",[],81.25,89.35155866836847
ADBE,full,rr_gate=full;rel_gate=full;quality=good,5.0,57.6864656258996,52.07989055254562,50.0,0,51.243104172664005,"[""Fund_from_FMP"", ""Fund_from_Finnhub""]",[],81.25,87.43104172664003
AMD,full,rr_gate=full;rel_gate=full;quality=good,2.0740697872192433,48.75619124269951,46.129015351461945,50.0,0,50.22654587361182,"[""Fund_from_FMP"", ""Fund_from_Finnhub""]",[],81.25,77.26545873611816
AES,reduced,rr_gate=reduced;rel_gate=full;quality=good,1.7478768851601911,47.834766009039484,34.54180316343602,50.0,3,50.60756902372606,"[""Fund_from_FMP"", ""Fund_from_Finnhub""]",[],81.25,81.07569023726055
AFL,reduced,rr_gate=reduced;rel_gate=full;quality=good,1.3355800111477736,46.75960267294962,25.08897665346142,50.0,0,51.685750930041976,"[""Fund_from_FMP"", ""Fund_from_Finnhub""]",[],81.25,91.85750930041975
A,reduced,rr_gate=reduced;rel_gate=full;quality=good,1.1988755457747637,46.29389223268182,23.87711746549127,50.0,0,51.3151039690502,"[""Fund_from_FMP"", ""Fund_from_Finnhub""]",[],81.25,88.151039690502
APD,full,rr_gate=full;rel_gate=full;quality=good,5.0,57.729312488076495,52.177514859127044,50.0,0,51.52874992050997,"[""Fund_from_FMP"", ""Fund_from_Finnhub""]",[],81.25,90.28749920509975
ABNB,full,rr_gate=full;rel_gate=full;quality=good,5.0,57.65982490389359,52.01924352882276,50.0,0,51.0654993592906,"[""Fund_from_FMP"", ""Fund_from_Finnhub""]",[],81.25,85.65499359290595
AKAM,full,rr_gate=full;rel_gate=full;quality=good,2.4888544998471973,50.10375393390975,47.135899546228075,50.0,0,50.91460289578772,"[""Fund_from_FMP"", ""Fund_from_Finnhub""]",[],81.25,84.14602895787723
ALB,blocked,rr_gate=blocked;rel_gate=full;quality=good,0.8460120486861683,45.064029080713595,6.3450903651462625,0.0,0,50.173286231033984,"[""Fund_from_FMP"", ""Fund_from_Finnhub""]",[],81.25,76.73286231033984
ARE,full,rr_gate=full;rel_gate=full;quality=good,5.0,57.66129142206863,52.022580979502486,50.0,1,51.07527614712418,"[""Fund_from_FMP"", ""Fund_from_Finnhub""]",[],81.25,85.75276147124178
ALGN,full,rr_gate=full;rel_gate=full;quality=good,5.0,57.57278512510706,51.821379717685055,50.0,0,50.48523416738042,"[""Fund_from_FMP"", ""Fund_from_Finnhub""]",[],81.25,79.85234167380416
ALLE,full,rr_gate=full;rel_gate=full;quality=good,3.7483286909716953,53.976750884895345,49.76462618219151,50.0,0,51.545098746535096,"[""Fund_from_FMP"", ""Fund_from_Finnhub""]",[],81.25,90.45098746535098
LNT,reduced,rr_gate=reduced;rel_gate=full;quality=good,1.0315755630318098,45.86957142123178,22.536341922587972,50.0,0,51.83229821424236,"[""Fund_from_FMP"", ""Fund_from_Finnhub""]",[],81.25,93.32298214242354
ALL,blocked,rr_gate=blocked;rel_gate=full;quality=good,0.6167753722763922,44.57511037982595,4.625815292072941,0.0,0,51.49856175331179,"[""Fund_from_FMP"", ""Fund_from_Finnhub""]",[],81.25,89.9856175331179
GOOGL,blocked,rr_gate=blocked;rel_gate=full;quality=good,0.806521833130517,45.107503892776336,6.048913748478877,0.0,0,51.25292262256522,"[""Fund_from_FMP"", ""Fund_from_Finnhub""]",[],81.25,87.5292262256522
GOOG,blocked,rr_gate=blocked;rel_gate=full;quality=good,0.8228578992234472,45.15933981209744,6.171434244175853,0.0,0,51.271774096180664,"[""Fund_from_FMP"", ""Fund_from_Finnhub""]",[],81.25,87.71774096180664
MO,full,rr_gate=full;rel_gate=full;quality=good,5.0,57.76089984393698,52.24955159356654,50.0,0,51.739332292913225,"[""Fund_from_FMP"", ""Fund_from_Finnhub""]",[],81.25,92.39332292913224
AMZN,full,rr_gate=full;rel_gate=full;quality=good,3.156724876866099,52.146368172541784,48.503632220383324,50.0,0,51.17462361295661,"[""Fund_from_FMP"", ""Fund_from_Finnhub""]",[],81.25,86.74623612956606
AMCR,full,rr_gate=full;rel_gate=full;quality=good,5.0,57.73405007476842,52.18831558687089,50.0,5,51.56033383178945,"[""Fund_from_FMP"", ""Fund_from_Finnhub""]",[],81.25,90.60333831789453
AEE,reduced,rr_gate=reduced;rel_gate=full;quality=good,1.1112145419722357,46.110807576450746,23.212982572313333,50.0,0,51.847759670226914,"[""Fund_from_FMP"", ""Fund_from_Finnhub""]",[],81.25,93.47759670226914
AEP,reduced,rr_gate=reduced;rel_gate=full;quality=good,1.0557638280569086,45.93223693352268,22.731531009336813,50.0,0,51.7663029956797,"[""Fund_from_FMP"", ""Fund_from_Finnhub""]",[],81.25,92.66302995679703
AXP,full,rr_gate=full;rel_gate=full;quality=good,2.028143577692539,48.779837402418316,46.36721700151232,50.0,0,51.302711128938,"[""Fund_from_FMP"", ""Fund_from_Finnhub""]",[],81.25,88.02711128938002
AIG,full,rr_gate=full;rel_gate=full;quality=good,2.9595465477804206,51.61811962890361,48.2567939488248,50.0,0,51.59653323708231,"[""Fund_from_FMP"", ""Fund_from_Finnhub""]",[],81.25,90.96533237082309
AMT,full,rr_gate=full;rel_gate=full;quality=good,5.0,57.731807515392596,52.18320285207534,50.0,0,51.545383435950654,"[""Fund_from_FMP"", ""Fund_from_Finnhub""]",[],81.25,90.45383435950654
AWK,full,rr_gate=full;rel_gate=full;quality=good,4.796526575376169,57.12653553573444,51.80169956423652,50.0,0,51.579705397372905,"[""Fund_from_FMP"", ""Fund_from_Finnhub""]",[],81.25,90.797053973729
AMP,full,rr_gate=full;rel_gate=full;quality=good,5.0,57.71405816569599,52.14274676769611,50.0,0,51.42705443797325,"[""Fund_from_FMP"", ""Fund_from_Finnhub""]",[],81.25,89.27054437973247
AME,full,rr_gate=full;rel_gate=full;quality=good,2.0375174230094055,48.85959652665199,46.48998979703949,50.0,0,51.64696171749186,"[""Fund_from_FMP"", ""Fund_from_Finnhub""]",[],81.25,91.4696171749186
AMGN,blocked,rr_gate=blocked;rel_gate=full;quality=good,0.48709682640804997,44.18024611479726,3.653226198060375,0.0,0,51.45970423715406,"[""Fund_from_FMP"", ""Fund_from_Finnhub""]",[],81.25,89.59704237154054
APH,reduced,rr_gate=reduced;rel_gate=full;quality=good,1.365001732169219,46.7666909377111,25.25814235929259,50.0,0,51.14457160802293,"[""Fund_from_FMP"", ""Fund_from_Finnhub""]",[],81.25,86.44571608022929
ADI,full,rr_gate=full;rel_gate=full;quality=good,2.527624033318995,50.23700926576633,47.245489463356655,50.0,0,51.027581105395626,"[""Fund_from_FMP"", ""Fund_from_Finnhub""]",[],81.25,85.27581105395628
AON,full,rr_gate=full;rel_gate=full;quality=good,4.905068889538584,57.467486537071615,52.04629621579824,50.0,0,51.68186578970578,"[""Fund_from_FMP"", ""Fund_from_Finnhub""]",[],81.25,91.8186578970578
APA,reduced,rr_gate=reduced;rel_gate=full;quality=good,1.1761070008586376,46.099584298013596,23.561585452282884,50.0,2,50.47508863625122,"[""Fund_from_FMP"", ""Fund_from_Finnhub""]",[],81.25,79.75088636251219
APO,full,rr_gate=full;rel_gate=full;quality=good,5.0,57.63529323406256,51.96343328455198,50.0,0,50.90195489375037,"[""Fund_from_FMP"", ""Fund_from_Finnhub""]",[],81.25,84.0195489375037
AAPL,blocked,rr_gate=blocked;rel_gate=full;quality=good,0.9216773454385887,45.4551650327809,6.912580090789415,0.0,0,51.26755330976755,"[""Fund_from_FMP"", ""Fund_from_Finnhub""]",[],81.25,87.67553309767553
AMAT,reduced,rr_gate=reduced;rel_gate=full;quality=good,1.0100459493898284,45.64867372256024,22.202515280094943,50.0,0,50.790239162605,"[""Fund_from_FMP"", ""Fund_from_Finnhub""]",[],81.25,82.90239162604996
APP,reduced,rr_gate=full;rel_gate=reduced;quality=good,2.9867426953004363,51.3852280859013,37.85422250655568,50.0,0,49.5,"[""Fund_from_FMP"", ""Fund_from_Finnhub""]",[],81.25,70.0
APTV,full,rr_gate=full;rel_gate=full;quality=good,3.8432385794049093,54.2046054790964,49.82403115945088,50.0,0,51.16593160587785,"[""Fund_from_FMP"", ""Fund_from_Finnhub""]",[],81.25,86.65931605877849
ACGL,full,rr_gate=full;rel_gate=full;quality=good,3.506766023303205,53.254482790531156,49.30308872056439,50.0,0,51.561231470810256,"[""Fund_from_FMP"", ""Fund_from_Finnhub""]",[],81.25,90.61231470810259
ADM,reduced,rr_gate=reduced;rel_gate=full;quality=good,1.5253137026464734,47.28804018223377,32.74106406720264,50.0,0,51.413993828629025,"[""Fund_from_FMP"", ""Fund_from_Finnhub""]",[],81.25,89.13993828629023
ANET,full,rr_gate=full;rel_gate=full;quality=good,3.4641769150217803,52.94277944281985,48.82639722360198,50.0,0,50.33499131836337,"[""Fund_from_FMP"", ""Fund_from_Finnhub""]",[],81.25,78.34991318363372
AJG,full,rr_gate=full;rel_gate=full;quality=good,5.0,57.732555990936376,52.18490924430853,50.0,0,51.55037327290916,"[""Fund_from_FMP"", ""Fund_from_Finnhub""]",[],81.25,90.5037327290916
AIZ,blocked,rr_gate=blocked;rel_gate=full;quality=good,0.7778963673473631,45.055587540229745,5.834222755105222,0.0,0,51.479322921251054,"[""Fund_from_FMP"", ""Fund_from_Finnhub""]",[],81.25,89.79322921251051
T,full,rr_gate=full;rel_gate=full;quality=good,4.955128568759928,57.6109163210702,52.12774105959922,50.0,1,51.63687076526946,"[""Fund_from_FMP"", ""Fund_from_Finnhub""]",[],81.25,91.36870765269454
ATO,reduced,rr_gate=reduced;rel_gate=full;quality=good,1.23529294699913,46.482542137382865,24.263190930989083,50.0,0,51.844421975903145,"[""Fund_from_FMP"", ""Fund_from_Finnhub""]",[],81.25,93.44421975903144
ADSK,full,rr_gate=full;rel_gate=full;quality=good,3.7238640843417667,53.88103504545513,49.66890135058064,50.0,0,51.39628528286549,"[""Fund_from_FMP"", ""Fund_from_Finnhub""]",[],81.25,88.96285282865493
ADP,full,rr_gate=full;rel_gate=full;quality=good,5.0,57.76275413743345,52.25378217072341,50.0,0,51.75169424955634,"[""Fund_from_FMP"", ""Fund_from_Finnhub""]",[],81.25,92.51694249556338
AZO,full,rr_gate=full;rel_gate=full;quality=good,3.3927811385414204,52.93158978708499,49.12368925899478,50.0,0,51.688309143071535,"[""Fund_from_FMP"", ""Fund_from_Finnhub""]",[],81.25,91.88309143071538
AVB,full,rr_gate=full;rel_gate=full;quality=good,5.0,57.74880462535227,52.22196109014372,50.0,0,51.65869750234848,"[""Fund_from_FMP"", ""Fund_from_Finnhub""]",[],81.25,91.5869750234848
AVY,full,rr_gate=full;rel_gate=full;quality=good,5.0,57.735908709561365,52.19255324105109,50.0,0,51.57272473040909,"[""Fund_from_FMP"", ""Fund_from_Finnhub""]",[],81.25,90.72724730409092
AXON,full,rr_gate=full;rel_gate=full;quality=good,5.0,57.57170133513414,51.81891869027874,50.0,0,50.47800890089424,"[""Fund_from_FMP"", ""Fund_from_Finnhub""]",[],81.25,79.78008900894237
BKR,blocked,rr_gate=blocked;rel_gate=full;quality=good,0.8740280683631114,45.295279169612726,6.5552105127233355,0.0,0,51.15463309682259,"[""Fund_from_FMP"", ""Fund_from_Finnhub""]",[],81.25,86.54633096822592
BALL,full,rr_gate=full;rel_gate=full;quality=good,5.0,57.7263701942094,52.170807671711394,50.0,1,51.50913462806269,"[""Fund_from_FMP"", ""Fund_from_Finnhub""]",[],81.25,90.09134628062687
BAC,reduced,rr_gate=reduced;rel_gate=full;quality=good,1.6460799121027967,47.66057014000759,33.82429057611131,50.0,0,51.48220269132804,"[""Fund_from_FMP"", ""Fund_from_Finnhub""]",[],81.25,89.82202691328038
BAX,full,rr_gate=full;rel_gate=full;quality=good,5.0,57.63269197300053,51.95751734165933,50.0,2,50.88461315333687,"[""Fund_from_FMP"", ""Fund_from_Finnhub""]",[],81.25,83.84613153336875
BDX,full,rr_gate=full;rel_gate=full;quality=good,5.0,57.70416070810655,52.120195250225656,50.0,0,51.36107138737698,"[""Fund_from_FMP"", ""Fund_from_Finnhub""]",[],81.25,88.61071387376981
BRK-B,full,rr_gate=full;rel_gate=full;quality=good,2.6171163663944546,50.62042980657813,47.65645179842135,50.0,0,51.793871382631735,"[""Fund_from_FMP"", ""Fund_from_Finnhub""]",[],81.25,92.93871382631734
BBY,full,rr_gate=full;rel_gate=full;quality=good,3.9995282105231045,54.62845492711161,50.02665406764841,50.0,0,50.865801970281986,"[""Fund_from_FMP"", ""Fund_from_Finnhub""]",[],81.25,83.65801970281986
TECH,full,rr_gate=full;rel_gate=full;quality=good,4.469909332468483,56.04181298606922,50.936387108553035,50.0,0,50.88056659109174,"[""Fund_from_FMP"", ""Fund_from_Finnhub""]",[],81.25,83.80566591091744
BIIB,blocked,rr_gate=blocked;rel_gate=full;quality=good,0.1588183413041921,43.16971882712669,1.1911375597814406,0.0,0,51.28842535476071,"[""Fund_from_FMP"", ""Fund_from_Finnhub""]",[],81.25,87.88425354760712
BLK,full,rr_gate=full;rel_gate=full;quality=good,4.9629926768458965,57.608621468581326,52.084007930496156,50.0,0,51.46428958695762,"[""Fund_from_FMP"", ""Fund_from_Finnhub""]",[],81.25,89.64289586957618
BX,full,rr_gate=full;rel_gate=full;quality=good,5.0,57.65587636573606,52.01025818984127,50.0,0,51.03917577157374,"[""Fund_from_FMP"", ""Fund_from_Finnhub""]",[],81.25,85.39175771573734
XYZ,full,rr_gate=full;rel_gate=full;quality=good,5.0,57.56488524514549,51.803442508355836,50.0,0,50.43256830096992,"[""Fund_from_FMP"", ""Fund_from_Finnhub""]",[],81.25,79.32568300969915
BK,reduced,rr_gate=reduced;rel_gate=full;quality=good,1.711728967910787,47.875006466100935,34.429902596293786,50.0,0,51.59879708245715,"[""Fund_from_FMP"", ""Fund_from_Finnhub""]",[],81.25,90.98797082457155
BA,full,rr_gate=full;rel_gate=full;quality=good,5.0,57.66573480039981,52.032693808254706,50.0,0,51.104898669332094,"[""Fund_from_FMP"", ""Fund_from_Finnhub""]",[],81.25,86.04898669332094
BKNG,full,rr_gate=full;rel_gate=full;quality=good,4.704915922287162,56.83021936893486,51.57621496941482,50.0,0,51.43647734715588,"[""Fund_from_FMP"", ""Fund_from_Finnhub""]",[],81.25,89.3647734715588
BSX,full,rr_gate=full;rel_gate=full;quality=good,3.096266786539102,52.03055998138909,48.52588382901633,50.0,0,51.61173081181192,"[""Fund_from_FMP"", ""Fund_from_Finnhub""]",[],81.25,91.11730811811918
BMY,full,rr_gate=full;rel_gate=full;quality=good,5.0,57.7160948045789,52.14738797104155,50.0,1,51.440632030526025,"[""Fund_from_FMP"", ""Fund_from_Finnhub""]",[],81.25,89.40632030526027
AVGO,reduced,rr_gate=reduced;rel_gate=full;quality=good,1.206200354857523,46.164245593782844,23.791207168916443,50.0,0,50.30429686140182,"[""Fund_from_FMP"", ""Fund_from_Finnhub""]",[],81.25,78.0429686140182
BR,full,rr_gate=full;rel_gate=full;quality=good,4.6122712129151235,56.588156594335494,51.4779358072337,50.0,0,51.67561970393418,"[""Fund_from_FMP"", ""Fund_from_Finnhub""]",[],81.25,91.7561970393418
BRO,full,rr_gate=full;rel_gate=full;quality=good,5.0,57.733109189088836,52.18617045893243,50.0,0,51.554061260592256,"[""Fund_from_FMP"", ""Fund_from_Finnhub""]",[],81.25,90.54061260592255
BF-B,full,rr_gate=full;rel_gate=full;quality=good,5.0,57.65208260200197,52.00162588954302,50.0,1,51.01388401334644,"[""Fund_from_FMP"", ""Fund_from_Finnhub""]",[],81.25,85.1388401334644
BLDR,full,rr_gate=full;rel_gate=full;quality=good,5.0,57.61884892128483,51.92604109845151,50.0,0,50.79232614189887,"[""Fund_from_FMP"", ""Fund_from_Finnhub""]",[],81.25,82.92326141898872
BG,blocked,rr_gate=blocked;rel_gate=full;quality=good,0.9414923345724651,45.5162211827808,7.061192509293488,0.0,0,51.2782945270893,"[""Fund_from_FMP"", ""Fund_from_Finnhub""]",[],81.25,87.78294527089297
BXP,full,rr_gate=full;rel_gate=full;quality=good,3.7278694499183596,53.87709606390586,49.642011165343796,50.0,0,51.289918094338574,"[""Fund_from_FMP"", ""Fund_from_Finnhub""]",[],81.25,87.89918094338574
CHRW,reduced,rr_gate=reduced;rel_gate=full;quality=good,1.3453397666976228,46.69938767874312,25.083558452192882,50.0,0,51.08912252433504,"[""Fund_from_FMP"", ""Fund_from_Finnhub""]",[],81.25,85.89122524335036
CDNS,full,rr_gate=full;rel_gate=full;quality=good,4.272342430939904,55.47090916482608,50.60455700066168,50.0,0,51.0258791467091,"[""Fund_from_FMP"", ""Fund_from_Finnhub""]",[],81.25,85.25879146709104
CPT,full,rr_gate=full;rel_gate=full;quality=good,5.0,57.74927794899016,52.223040636760196,50.0,0,51.66185299326775,"[""Fund_from_FMP"", ""Fund_from_Finnhub""]",[],81.25,91.61852993267749
CPB,full,rr_gate=full;rel_gate=full;quality=good,5.0,57.718400839123476,52.15264337159823,50.0,1,51.45600559415653,"[""Fund_from_FMP"", ""Fund_from_Finnhub""]",[],81.25,89.56005594156528
COF,full,rr_gate=full;rel_gate=full;quality=good,2.5360967941989685,50.27532118534797,47.28844719458375,50.0,0,51.11353868500708,"[""Fund_from_FMP"", ""Fund_from_Finnhub""]",[],81.25,86.13538685007076
CAH,blocked,rr_gate=blocked;rel_gate=full;quality=good,0.34833026112204163,43.766528282691624,2.6124769584153125,0.0,0,51.47691666217001,"[""Fund_from_FMP"", ""Fund_from_Finnhub""]",[],81.25,89.76916662170008
CCL,full,rr_gate=full;rel_gate=full;quality=good,4.001180725600001,54.61410154981889,49.987569261394114,50.0,1,50.73706248679257,"[""Fund_from_FMP"", ""Fund_from_Finnhub""]",[],81.25,82.3706248679257
CARR,full,rr_gate=full;rel_gate=full;quality=good,5.0,57.68310036063215,52.072227380124694,50.0,0,51.22066907088104,"[""Fund_from_FMP"", ""Fund_from_Finnhub""]",[],81.25,87.20669070881034
CAT,reduced,rr_gate=reduced;rel_gate=full;quality=good,1.521219328173808,47.26034204819197,32.68343049677844,50.0,0,51.31122709113699,"[""Fund_from_FMP"", ""Fund_from_Finnhub""]",[],81.25,88.1122709113699
CBOE,blocked,rr_gate=blocked;rel_gate=full;quality=good,0.9578311097991721,45.62338305980887,7.183733323493791,0.0,0,51.6659315360757,"[""Fund_from_FMP"", ""Fund_from_Finnhub""]",[],81.25,91.65931536075705
CBRE,full,rr_gate=full;rel_gate=full;quality=good,2.6694899729522947,50.716807068656216,47.63134003216385,50.0,0,51.38891433199555,"[""Fund_from_FMP"", ""Fund_from_Finnhub""]",[],81.25,88.8891433199555
CDW,full,rr_gate=full;rel_gate=full;quality=good,5.0,57.69224856565527,52.093060601630185,50.0,0,51.281657104368485,"[""Fund_from_FMP"", ""Fund_from_Finnhub""]",[],81.25,87.81657104368486
COR,blocked,rr_gate=blocked;rel_gate=full;quality=good,0.586891469199078,44.51460924592402,4.401686018993085,0.0,0,51.692898922178586,"[""Fund_from_FMP"", ""Fund_from_Finnhub""]",[],81.25,91.92898922178586
CNC,full,rr_gate=full;rel_gate=full;quality=good,5.0,57.54596543907936,51.76049819185826,50.0,1,50.30643626052907,"[""Fund_from_FMP"", ""Fund_from_Finnhub""]",[],81.25,78.06436260529071
CNP,blocked,rr_gate=blocked;rel_gate=full;quality=good,0.8596480269680745,45.35930346161433,6.447360202260559,0.0,0,51.86906253806741,"[""Fund_from_FMP"", ""Fund_from_Finnhub""]",[],81.25,93.6906253806741
CF,full,rr_gate=full;rel_gate=full;quality=good,5.0,57.68450159337097,52.075418102049625,50.0,0,51.23001062247312,"[""Fund_from_FMP"", ""Fund_from_Finnhub""]",[],81.25,87.30010622473114
CRL,full,rr_gate=full;rel_gate=full;quality=good,3.4684430976188763,52.97462833427992,48.87533980706421,50.0,0,50.46199360948863,"[""Fund_from_FMP"", ""Fund_from_Finnhub""]",[],81.25,79.61993609488628
SCHW,reduced,rr_gate=reduced;rel_gate=full;quality=good,1.8588351677505126,48.30817288758891,35.720749232305934,50.0,0,51.54444922891581,"[""Fund_from_FMP"", ""Fund_from_Finnhub""]",[],81.25,90.44449228915806
CHTR,full,rr_gate=full;rel_gate=full;quality=good,5.0,57.64924115990693,51.99516102863033,50.0,0,50.994941066046174,"[""Fund_from_FMP"", ""Fund_from_Finnhub""]",[],81.25,84.94941066046172
CVX,full,rr_gate=full;rel_gate=full;quality=good,2.447280294213233,50.07723414308201,47.25822566308285,50.0,0,51.56928840294872,"[""Fund_from_FMP"", ""Fund_from_Finnhub""]",[],81.25,90.69288402948719
CMG,full,rr_gate=full;rel_gate=full;quality=good,5.0,57.65850021579333,52.01622895481974,50.0,1,51.05666810528889,"[""Fund_from_FMP"", ""Fund_from_Finnhub""]",[],81.25,85.5666810528889
CB,reduced,rr_gate=reduced;rel_gate=full;quality=good,1.3969440378928766,46.95144262598856,25.61619651438013,50.0,0,51.737403415399555,"[""Fund_from_FMP"", ""Fund_from_Finnhub""]",[],81.25,92.37403415399551
CHD,full,rr_gate=full;rel_gate=full;quality=good,5.0,57.7510121454777,52.226996064169484,50.0,0,51.673414303184686,"[""Fund_from_FMP"", ""Fund_from_Finnhub""]",[],81.25,91.73414303184684
CI,full,rr_gate=full;rel_gate=full;quality=good,4.694510924730558,56.76173305648278,51.47219526770437,50.0,0,51.1880018819407,"[""Fund_from_FMP"", ""Fund_from_Finnhub""]",[],81.25,86.88001881940701
CINF,blocked,rr_gate=blocked;rel_gate=full;quality=good,0.9502262929422455,45.5848044395206,7.12669719706684,0.0,0,51.560837071292454,"[""Fund_from_FMP"", ""Fund_from_Finnhub""]",[],81.25,90.60837071292457
CTAS,full,rr_gate=full;rel_gate=full;quality=good,5.0,57.73254684007183,52.18488838175958,50.0,0,51.55031226714549,"[""Fund_from_FMP"", ""Fund_from_Finnhub""]",[],81.25,90.5031226714549
CSCO,blocked,rr_gate=blocked;rel_gate=full;quality=good,0.9730897966824287,45.66141935697068,7.298173475118215,0.0,0,51.61433311282266,"[""Fund_from_FMP"", ""Fund_from_Finnhub""]",[],81.25,91.14333112822659
C,reduced,rr_gate=reduced;rel_gate=full;quality=good,1.1496404134172977,46.14649686277286,23.460662465940253,50.0,0,51.317170816806424,"[""Fund_from_FMP"", ""Fund_from_Finnhub""]",[],81.25,88.1717081680642
CFG,reduced,rr_gate=reduced;rel_gate=full;quality=good,1.4709615595741714,47.106185441153926,26.176305178288416,50.0,0,51.288671749542765,"[""Fund_from_FMP"", ""Fund_from_Finnhub""]",[],81.25,87.88671749542766
CLX,full,rr_gate=full;rel_gate=full;quality=good,5.0,57.74817877031874,52.22053367261351,50.0,0,51.65452513545825,"[""Fund_from_FMP"", ""Fund_from_Finnhub""]",[],81.25,91.54525135458248
CME,reduced,rr_gate=reduced;rel_gate=full;quality=good,1.2616761384073765,46.55417970185556,24.479225814024794,50.0,0,51.794341910889536,"[""Fund_from_FMP"", ""Fund_from_Finnhub""]",[],81.25,92.94341910889537
CMS,reduced,rr_gate=reduced;rel_gate=full;quality=good,1.0219511169789477,45.84416108321082,22.458209169827402,50.0,0,51.85538488182654,"[""Fund_from_FMP"", ""Fund_from_Finnhub""]",[],81.25,93.55384881826535
KO,reduced,rr_gate=reduced;rel_gate=full;quality=good,1.2202603998651607,46.43667272434644,24.13513845947311,50.0,0,51.83927683167305,"[""Fund_from_FMP"", ""Fund_from_Finnhub""]",[],81.25,93.39276831673044
CTSH,full,rr_gate=full;rel_gate=full;quality=good,5.0,57.729161231967595,52.177170047116604,50.0,0,51.52774154645065,"[""Fund_from_FMP"", ""Fund_from_Finnhub""]",[],81.25,90.27741546450646
COIN,reduced,rr_gate=full;rel_gate=reduced;quality=good,5.0,57.450930519456506,40.58156584584708,50.0,0,49.672870129710034,"[""Fund_from_FMP"", ""Fund_from_Finnhub""]",[],81.25,71.72870129710033
CL,full,rr_gate=full;rel_gate=full;quality=good,5.0,57.75772979077393,52.242319557364056,50.0,0,51.71819860515953,"[""Fund_from_FMP"", ""Fund_from_Finnhub""]",[],81.25,92.18198605159532
CMCSA,full,rr_gate=full;rel_gate=full;quality=good,5.0,57.71835325936056,52.15253493535035,50.0,1,51.45568839573707,"[""Fund_from_FMP"", ""Fund_from_Finnhub""]",[],81.25,89.55688395737067
CAG,full,rr_gate=full;rel_gate=full;quality=good,5.0,57.73295619633424,52.18582165505759,50.0,2,51.55304130889497,"[""Fund_from_FMP"", ""Fund_from_Finnhub""]",[],81.25,90.53041308894967
COP,full,rr_gate=full;rel_gate=full;quality=good,5.0,57.686150506032696,52.07917295398284,50.0,0,51.241003373551315,"[""Fund_from_FMP"", ""Fund_from_Finnhub""]",[],81.25,87.41003373551317
ED,full,rr_gate=full;rel_gate=full;quality=good,3.364435052745296,52.85516190982028,49.087312679238664,50.0,0,51.74571167722932,"[""Fund_from_FMP"", ""Fund_from_Finnhub""]",[],81.25,92.4571167722932
STZ,full,rr_gate=full;rel_gate=full;quality=good,5.0,57.69735105970821,52.10468257949371,50.0,0,51.31567373138809,"[""Fund_from_FMP"", ""Fund_from_Finnhub""]",[],81.25,88.15673731388091
CEG,reduced,rr_gate=reduced;rel_gate=full;quality=good,1.76196127695594,47.80687994594192,34.56843763497426,50.0,0,50.13997410049404,"[""Fund_from_FMP"", ""Fund_from_Finnhub""]",[],81.25,76.39974100494035
COO,full,rr_gate=full;rel_gate=full;quality=good,5.0,57.6732340373448,52.0497641022129,50.0,0,51.154893582298676,"[""Fund_from_FMP"", ""Fund_from_Finnhub""]",[],81.25,86.54893582298678
CPRT,full,rr_gate=full;rel_gate=full;quality=good,5.0,57.72604560865565,52.17006778377326,50.0,1,51.506970724371,"[""Fund_from_FMP"", ""Fund_from_Finnhub""]",[],81.25,90.06970724371004
GLW,full,rr_gate=full;rel_gate=full;quality=good,2.249540963706894,49.425894491531075,46.757258948534215,50.0,0,51.18181066940264,"[""Fund_from_FMP"", ""Fund_from_Finnhub""]",[],81.25,86.81810669402633
CPAY,full,rr_gate=full;rel_gate=full;quality=good,5.0,57.6685442762186,52.03908856266512,50.0,0,51.123628508123964,"[""Fund_from_FMP"", ""Fund_from_Finnhub""]",[],81.25,86.23628508123961
CTVA,full,rr_gate=full;rel_gate=full;quality=good,4.2887483085903595,55.589068080551016,50.78898262777919,50.0,0,51.485487698532935,"[""Fund_from_FMP"", ""Fund_from_Finnhub""]",[],81.25,89.85487698532933
CSGP,full,rr_gate=full;rel_gate=full;quality=good,5.0,57.691704667131305,52.09182184808062,50.0,0,51.278031114208694,"[""Fund_from_FMP"", ""Fund_from_Finnhub""]",[],81.25,87.78031114208692
COST,full,rr_gate=full;rel_gate=full;quality=good,5.0,57.75277687332234,52.231021303715096,50.0,0,51.68517915548228,"[""Fund_from_FMP"", ""Fund_from_Finnhub""]",[],81.25,91.8517915548228
CTRA,full,rr_gate=full;rel_gate=full;quality=good,2.3678907101762414,49.804444329372934,47.03364811431488,50.0,1,51.338481325628095,"[""Fund_from_FMP"", ""Fund_from_Finnhub""]",[],81.25,88.38481325628098
CRWD,reduced,rr_gate=reduced;rel_gate=full;quality=good,1.6809846086609903,47.65156546519062,33.97454336074578,50.0,0,50.72407759471768,"[""Fund_from_FMP"", ""Fund_from_Finnhub""]",[],81.25,82.24077594717679
CCI,full,rr_gate=full;rel_gate=full;quality=good,5.0,57.72785996677181,52.17420366267572,50.0,0,51.519066445145405,"[""Fund_from_FMP"", ""Fund_from_Finnhub""]",[],81.25,90.19066445145405
CSX,full,rr_gate=full;rel_gate=full;quality=good,2.96250106153063,51.62698617179988,48.26251092247652,50.0,1,51.596553248053254,"[""Fund_from_FMP"", ""Fund_from_Finnhub""]",[],81.25,90.96553248053253
CMI,blocked,rr_gate=blocked;rel_gate=full;quality=good,0.7478614339555097,44.94374533564179,5.608960754666323,0.0,0,51.33440689183509,"[""Fund_from_FMP"", ""Fund_from_Finnhub""]",[],81.25,88.34406891835084
CVS,full,rr_gate=full;rel_gate=full;quality=good,2.6247131186881436,50.556533053842585,47.49105695712311,50.0,0,51.21595798518768,"[""Fund_from_FMP"", ""Fund_from_Finnhub""]",[],81.25,87.1595798518768
DHR,full,rr_gate=full;rel_gate=full;quality=good,3.2446120568694523,52.42312008858608,48.70088657409151,50.0,0,51.26189278651815,"[""Fund_from_FMP"", ""Fund_from_Finnhub""]",[],81.25,87.61892786518153
DRI,full,rr_gate=full;rel_gate=full;quality=good,5.0,57.71103881424379,52.13586653808425,50.0,0,51.40692542829193,"[""Fund_from_FMP"", ""Fund_from_Finnhub""]",[],81.25,89.06925428291929
DDOG,full,rr_gate=full;rel_gate=full;quality=good,2.437089206869878,49.89760600901947,46.9317860659192,50.0,0,50.57558925606557,"[""Fund_from_FMP"", ""Fund_from_Finnhub""]",[],81.25,80.75589256065565
DVA,full,rr_gate=full;rel_gate=full;quality=good,5.0,57.70081939184946,52.11258326032281,50.0,0,51.33879594566303,"[""Fund_from_FMP"", ""Fund_from_Finnhub""]",[],81.25,88.38795945663031
DAY,full,rr_gate=full;rel_gate=full;quality=good,5.0,57.62930379383446,51.94981231770594,50.0,0,50.862025292229745,"[""Fund_from_FMP"", ""Fund_from_Finnhub""]",[],81.25,83.62025292229744
DECK,full,rr_gate=full;rel_gate=full;quality=good,5.0,57.56489051272364,51.803454467568436,50.0,0,50.432603418157626,"[""Fund_from_FMP"", ""Fund_from_Finnhub""]",[],81.25,79.32603418157629
DE,full,rr_gate=full;rel_gate=full;quality=good,2.8135258642115053,51.15407470926203,47.92015797168953,50.0,0,51.42331411085011,"[""Fund_from_FMP"", ""Fund_from_Finnhub""]",[],81.25,89.23314110850107
DELL,full,rr_gate=full;rel_gate=full;quality=good,3.872480994381715,54.19669860184324,49.67209815691575,50.0,0,50.528370791320626,"[""Fund_from_FMP"", ""Fund_from_Finnhub""]",[],81.25,80.28370791320626
DAL,full,rr_gate=full;rel_gate=full;quality=good,2.854929102435355,51.15316363392421,47.73822912970448,50.0,0,50.58917551078766,"[""Fund_from_FMP"", ""Fund_from_Finnhub""]",[],81.25,80.89175510787659
DVN,reduced,rr_gate=reduced;rel_gate=full;quality=good,1.4333427050411822,46.938378744363845,25.803676197567874,50.0,1,50.922337528268685,"[""Fund_from_FMP"", ""Fund_from_Finnhub""]",[],81.25,84.22337528268683
DXCM,full,rr_gate=full;rel_gate=full;quality=good,5.0,57.6156397772929,51.91874571767653,50.0,0,50.77093184861935,"[""Fund_from_FMP"", ""Fund_from_Finnhub""]",[],81.25,82.70931848619347
FANG,full,rr_gate=full;rel_gate=full;quality=good,3.640534333929112,53.577145252635425,49.391546208609036,50.0,0,51.03694833898729,"[""Fund_from_FMP"", ""Fund_from_Finnhub""]",[],81.25,85.36948338987288
DLR,full,rr_gate=full;rel_gate=full;quality=good,4.275865397192452,55.54881727675077,50.76054715367371,50.0,0,51.47480723448942,"[""Fund_from_FMP"", ""Fund_from_Finnhub""]",[],81.25,89.74807234489421
DG,full,rr_gate=full;rel_gate=full;quality=good,2.973288872673917,51.59643423705729,48.150850846536244,50.0,0,51.17711746023692,"[""Fund_from_FMP"", ""Fund_from_Finnhub""]",[],81.25,86.7711746023692
DLTR,full,rr_gate=full;rel_gate=full;quality=good,2.7789303646667656,50.97154699218027,47.68897484441729,50.0,0,50.898372654533176,"[""Fund_from_FMP"", ""Fund_from_Finnhub""]",[],81.25,83.98372654533179
D,reduced,rr_gate=reduced;rel_gate=full;quality=good,1.1571533927057547,46.220448873470275,23.574453754946653,50.0,0,51.65992463568676,"[""Fund_from_FMP"", ""Fund_from_Finnhub""]",[],81.25,91.59924635686758
DPZ,full,rr_gate=full;rel_gate=full;quality=good,5.0,57.72311479089728,52.163387298648146,50.0,0,51.4874319393152,"[""Fund_from_FMP"", ""Fund_from_Finnhub""]",[],81.25,89.87431939315196
DASH,full,rr_gate=full;rel_gate=full;quality=good,4.643171504269524,56.555876380944014,51.25685553500192,50.0,0,50.84241245423628,"[""Fund_from_FMP"", ""Fund_from_Finnhub""]",[],81.25,83.42412454236279
DOV,full,rr_gate=full;rel_gate=full;quality=good,5.0,57.72039712373788,52.15719310241684,50.0,0,51.46931415825256,"[""Fund_from_FMP"", ""Fund_from_Finnhub""]",[],81.25,89.69314158252558
DOW,full,rr_gate=full;rel_gate=full;quality=good,5.0,57.60267521550483,51.889279184140854,50.0,2,50.68450143669888,"[""Fund_from_FMP"", ""Fund_from_Finnhub""]",[],81.25,81.84501436698879
DHI,full,rr_gate=full;rel_gate=full;quality=good,5.0,57.66418616623176,52.02916909454547,50.0,0,51.09457444154505,"[""Fund_from_FMP"", ""Fund_from_Finnhub""]",[],81.25,85.94574441545052
DTE,full,rr_gate=full;rel_gate=full;quality=good,2.1473509379560904,49.218979389925046,46.76328392519528,50.0,0,51.846177173711844,"[""Fund_from_FMP"", ""Fund_from_Finnhub""]",[],81.25,93.46177173711843
DUK,reduced,rr_gate=reduced;rel_gate=full;quality=good,1.917718914790845,48.53224593990537,36.30904565023671,50.0,0,51.86059463688561,"[""Fund_from_FMP"", ""Fund_from_Finnhub""]",[],81.25,93.60594636885608
DD,reduced,rr_gate=reduced;rel_gate=full;quality=good,1.4191180875380993,46.93259458939746,25.719663694085078,50.0,1,51.16826884522109,"[""Fund_from_FMP"", ""Fund_from_Finnhub""]",[],81.25,86.68268845221091
ETN,full,rr_gate=full;rel_gate=full;quality=good,2.384727902881765,49.820279410554456,46.99488459543865,50.0,0,51.10730467939439,"[""Fund_from_FMP"", ""Fund_from_Finnhub""]",[],81.25,86.07304679394387
EBAY,full,rr_gate=full;rel_gate=full;quality=good,4.3412159762874465,55.684313144728605,50.7522347085311,50.0,0,51.071101439108446,"[""Fund_from_FMP"", ""Fund_from_Finnhub""]",[],81.25,85.71101439108443
ECL,full,rr_gate=full;rel_gate=full;quality=good,2.527105623174906,50.3400613738127,47.460836862208744,50.0,0,51.72496336191986,"[""Fund_from_FMP"", ""Fund_from_Finnhub""]",[],81.25,92.24963361919865
EIX,full,rr_gate=full;rel_gate=full;quality=good,5.0,57.677411748907055,52.059275087167755,50.0,0,51.182744992713715,"[""Fund_from_FMP"", ""Fund_from_Finnhub""]",[],81.25,86.82744992713717
EW,blocked,rr_gate=blocked;rel_gate=full;quality=good,0.6727822853963416,44.75476776669015,5.045867140472562,0.0,0,51.57613940334085,"[""Fund_from_FMP"", ""Fund_from_Finnhub""]",[],81.25,90.76139403340848
EA,reduced,rr_gate=reduced;rel_gate=full;quality=good,1.1618074054634662,46.17419464360546,23.555062626590875,50.0,0,51.25848284810045,"[""Fund_from_FMP"", ""Fund_from_Finnhub""]",[],81.25,87.5848284810045
ELV,full,rr_gate=full;rel_gate=full;quality=good,5.0,57.671506168266625,52.045830721767366,50.0,0,51.14337445511083,"[""Fund_from_FMP"", ""Fund_from_Finnhub""]",[],81.25,86.43374455110833
EME,full,rr_gate=full;rel_gate=full;quality=good,4.404651521546852,55.834229191128195,50.784591939411214,50.0,0,50.80183084325089,"[""Fund_from_FMP"", ""Fund_from_Finnhub""]",[],81.25,83.01830843250889
EMR,full,rr_gate=full;rel_gate=full;quality=good,3.490690264230799,53.17773927522614,49.21069002796046,50.0,0,51.37112321689159,"[""Fund_from_FMP"", ""Fund_from_Finnhub""]",[],81.25,88.7112321689159
ETR,reduced,rr_gate=reduced;rel_gate=full;quality=good,1.319623814246172,46.71251062226069,24.954639774983608,50.0,0,51.690927863481164,"[""Fund_from_FMP"", ""Fund_from_Finnhub""]",[],81.25,91.9092786348116
EOG,full,rr_gate=full;rel_gate=full;quality=good,5.0,57.714620335538214,52.14402784739203,50.0,0,51.43080223692141,"[""Fund_from_FMP"", ""Fund_from_Finnhub""]",[],81.25,89.3080223692141
EPAM,full,rr_gate=full;rel_gate=full;quality=good,5.0,57.64207629275067,51.978861524302104,50.0,0,50.94717528500446,"[""Fund_from_FMP"", ""Fund_from_Finnhub""]",[],81.25,84.47175285004458
EQT,blocked,rr_gate=blocked;rel_gate=full;quality=good,0.9965504119914661,45.65130400954983,7.474128089935995,0.0,0,51.077685157169554,"[""Fund_from_FMP"", ""Fund_from_Finnhub""]",[],81.25,85.77685157169553
EFX,full,rr_gate=full;rel_gate=full;quality=good,5.0,57.669159735627844,52.040489492880916,50.0,0,51.12773157085232,"[""Fund_from_FMP"", ""Fund_from_Finnhub""]",[],81.25,86.27731570852319
EQIX,full,rr_gate=full;rel_gate=full;quality=good,5.0,57.71904444494041,52.154110188482605,50.0,0,51.46029629960273,"[""Fund_from_FMP"", ""Fund_from_Finnhub""]",[],81.25,89.60296299602727
EQR,full,rr_gate=full;rel_gate=full;quality=good,5.0,57.74264127221623,52.207905002654634,50.0,0,51.61760848144154,"[""Fund_from_FMP"", ""Fund_from_Finnhub""]",[],81.25,91.17608481441542
ERIE,full,rr_gate=full;rel_gate=full;quality=good,5.0,57.69084669569618,52.08986781331366,50.0,0,51.27231130464123,"[""Fund_from_FMP"", ""Fund_from_Finnhub""]",[],81.25,87.72311304641225
ESS,full,rr_gate=full;rel_gate=full;quality=good,5.0,57.73368575865895,52.187484975584624,50.0,0,51.557905057726344,"[""Fund_from_FMP"", ""Fund_from_Finnhub""]",[],81.25,90.57905057726342
EL,full,rr_gate=full;rel_gate=full;quality=good,3.161147453608404,52.083564749337114,48.35102323667509,50.0,0,50.66748259007939,"[""Fund_from_FMP"", ""Fund_from_Finnhub""]",[],81.25,81.67482590079386
EG,full,rr_gate=full;rel_gate=full;quality=good,5.0,57.728246781325694,52.175085441145164,50.0,0,51.52164520883795,"[""Fund_from_FMP"", ""Fund_from_Finnhub""]",[],81.25,90.21645208837955
EVRG,reduced,rr_gate=reduced;rel_gate=full;quality=good,1.6437579585487743,47.713102001761364,33.88685319094627,50.0,0,51.878854174100255,"[""Fund_from_FMP"", ""Fund_from_Finnhub""]",[],81.25,93.78854174100255
ES,full,rr_gate=full;rel_gate=full;quality=good,3.1787559875037017,52.254765380756304,48.63590965115542,50.0,0,51.45664945496801,"[""Fund_from_FMP"", ""Fund_from_Finnhub""]",[],81.25,89.56649454968006
EXC,reduced,rr_gate=reduced;rel_gate=full;quality=good,1.446287083278357,47.10740118863913,26.041848684092287,50.0,1,51.79026625869376,"[""Fund_from_FMP"", ""Fund_from_Finnhub""]",[],81.25,92.90266258693761
EXE,blocked,rr_gate=blocked;rel_gate=full;quality=good,0.6407148501303117,44.626866362906135,4.805361375977337,0.0,0,51.36481208343467,"[""Fund_from_FMP"", ""Fund_from_Finnhub""]",[],81.25,88.64812083434671
EXPE,full,rr_gate=full;rel_gate=full;quality=good,2.0703952623058295,48.820406001031785,46.27408712289417,50.0,0,50.728134760761954,"[""Fund_from_FMP"", ""Fund_from_Finnhub""]",[],81.25,82.28134760761952
EXPD,blocked,rr_gate=blocked;rel_gate=full;quality=good,0.5889854647159998,44.47869659082259,4.417390985369998,0.0,0,51.41160131116392,"[""Fund_from_FMP"", ""Fund_from_Finnhub""]",[],81.25,89.11601311163923
EXR,full,rr_gate=full;rel_gate=full;quality=good,5.0,57.72489845749466,52.1674529176131,50.0,0,51.49932304996441,"[""Fund_from_FMP"", ""Fund_from_Finnhub""]",[],81.25,89.99323049964407
XOM,blocked,rr_gate=blocked;rel_gate=full;quality=good,0.7008029859085757,44.84507545242619,5.256022394314317,0.0,0,51.61777663133638,"[""Fund_from_FMP"", ""Fund_from_Finnhub""]",[],81.25,91.17776631336379
FFIV,full,rr_gate=full;rel_gate=full;quality=good,5.0,57.6937260132088,52.096425640038774,50.0,0,51.29150675472533,"[""Fund_from_FMP"", ""Fund_from_Finnhub""]",[],81.25,87.91506754725336
FDS,full,rr_gate=full;rel_gate=full;quality=good,5.0,57.72185833263142,52.16052348569102,50.0,0,51.479055550876126,"[""Fund_from_FMP"", ""Fund_from_Finnhub""]",[],81.25,89.79055550876126
FICO,full,rr_gate=full;rel_gate=full;quality=good,5.0,57.60626944340397,51.897447378896025,50.0,0,50.70846295602644,"[""Fund_from_FMP"", ""Fund_from_Finnhub""]",[],81.25,82.0846295602644
FAST,full,rr_gate=full;rel_gate=full;quality=good,5.0,57.73711452373223,52.195302580551726,50.0,1,51.580763491548225,"[""Fund_from_FMP"", ""Fund_from_Finnhub""]",[],81.25,90.80763491548228
FRT,full,rr_gate=full;rel_gate=full;quality=good,4.263971899582486,55.53184267233657,50.77905133387025,50.0,0,51.59951315726076,"[""Fund_from_FMP"", ""Fund_from_Finnhub""]",[],81.25,90.99513157260762
FDX,full,rr_gate=full;rel_gate=full;quality=good,2.8664108733988054,51.28724558702614,47.968827965823834,50.0,0,51.253419778864824,"[""Fund_from_FMP"", ""Fund_from_Finnhub""]",[],81.25,87.53419778864827
FIS,full,rr_gate=full;rel_gate=full;quality=good,5.0,57.708293717032426,52.129611702995895,50.0,0,51.38862478021616,"[""Fund_from_FMP"", ""Fund_from_Finnhub""]",[],81.25,88.88624780216165
FITB,full,rr_gate=full;rel_gate=full;quality=good,3.3459041698645966,52.75500968470404,48.95611825369184,50.0,1,51.44864783406837,"[""Fund_from_FMP"", ""Fund_from_Finnhub""]",[],81.25,89.48647834068365
FSLR,reduced,rr_gate=reduced;rel_gate=full;quality=good,1.3594407028963595,46.60215067935532,25.065972354843247,50.0,0,50.15885713777496,"[""Fund_from_FMP"", ""Fund_from_Finnhub""]",[],81.25,76.5885713777496
FE,blocked,rr_gate=blocked;rel_gate=full;quality=good,0.932305829705375,45.556499802376486,6.992293722790312,0.0,0,51.73054875506906,"[""Fund_from_FMP"", ""Fund_from_Finnhub""]",[],81.25,92.30548755069059
FISV,full,rr_gate=full;rel_gate=full;quality=good,5.0,57.538878316134586,51.74441700973659,50.0,0,50.259188774230594,"[""Fund_from_FMP"", ""Fund_from_Finnhub""]",[],81.25,77.59188774230591
F,full,rr_gate=full;rel_gate=full;quality=good,2.1672190278574868,49.18632630409317,46.61364036746026,50.0,3,51.231128136804735,"[""Fund_from_FMP"", ""Fund_from_Finnhub""]",[],81.25,87.31128136804736
FTNT,full,rr_gate=full;rel_gate=full;quality=good,5.0,57.63958575397359,51.97319642751699,50.0,0,50.93057169315726,"[""Fund_from_FMP"", ""Fund_from_Finnhub""]",[],81.25,84.30571693157259
FTV,full,rr_gate=full;rel_gate=full;quality=good,5.0,57.728200488124294,52.17497991119384,50.0,0,51.521336587495306,"[""Fund_from_FMP"", ""Fund_from_Finnhub""]",[],81.25,90.21336587495304
FOXA,blocked,rr_gate=blocked;rel_gate=full;quality=good,0.7278374561948174,44.891258008080115,5.458780921461131,0.0,0,51.384970929971104,"[""Fund_from_FMP"", ""Fund_from_Finnhub""]",[],81.25,88.84970929971104
FOX,blocked,rr_gate=blocked;rel_gate=full;quality=good,0.7654178867582212,45.002694317786734,5.740634150686659,0.0,0,51.37627105008043,"[""Fund_from_FMP"", ""Fund_from_Finnhub""]",[],81.25,88.7627105008043
BEN,full,rr_gate=full;rel_gate=full;quality=good,3.79697567087317,54.08507962294189,49.77675977562694,50.0,2,51.29435073548251,"[""Fund_from_FMP"", ""Fund_from_Finnhub""]",[],81.25,87.94350735482509
FCX,full,rr_gate=full;rel_gate=full;quality=good,3.4836056222812495,53.04987378205285,48.96818498011601,50.0,1,50.66037943472731,"[""Fund_from_FMP"", ""Fund_from_Finnhub""]",[],81.25,81.60379434727311
GRMN,full,rr_gate=full;rel_gate=full;quality=good,5.0,57.67404489718172,52.05161002968856,50.0,0,51.160299314544815,"[""Fund_from_FMP"", ""Fund_from_Finnhub""]",[],81.25,86.60299314544818
IT,full,rr_gate=full;rel_gate=full;quality=good,5.0,57.64274519071535,51.980383090989854,50.0,0,50.95163460476903,"[""Fund_from_FMP"", ""Fund_from_Finnhub""]",[],81.25,84.51634604769032
GE,reduced,rr_gate=reduced;rel_gate=full;quality=good,1.505771474637758,47.2182576695309,32.55261597879041,50.0,0,51.339621637450804,"[""Fund_from_FMP"", ""Fund_from_Finnhub""]",[],81.25,88.396216374508
GEHC,full,rr_gate=full;rel_gate=full;quality=good,5.0,57.671343828470555,52.04546117458065,50.0,0,51.14229218980369,"[""Fund_from_FMP"", ""Fund_from_Finnhub""]",[],81.25,86.4229218980369
GEV,reduced,rr_gate=reduced;rel_gate=full;quality=good,1.8101460907166957,47.98970148620494,35.047906443634346,50.0,0,50.395088093699044,"[""Fund_from_FMP"", ""Fund_from_Finnhub""]",[],81.25,78.95088093699046
GEN,full,rr_gate=full;rel_gate=full;quality=good,4.462759406655186,56.108202969462035,51.11860089671015,50.0,1,51.46616499664318,"[""Fund_from_FMP"", ""Fund_from_Finnhub""]",[],81.25,89.66164996643177
GNRC,full,rr_gate=full;rel_gate=full;quality=good,4.43835755084798,55.931859136489315,50.84163594596916,50.0,0,50.77857655963582,"[""Fund_from_FMP"", ""Fund_from_Finnhub""]",[],81.25,82.78576559635826
GD,reduced,rr_gate=reduced;rel_gate=full;quality=good,1.7445912220983653,47.98904750934626,34.74251186366134,50.0,0,51.7018256203411,"[""Fund_from_FMP"", ""Fund_from_Finnhub""]",[],81.25,92.01825620341097
GIS,full,rr_gate=full;rel_gate=full;quality=good,5.0,57.74589174447252,52.21531773205438,50.0,1,51.6392782964835,"[""Fund_from_FMP"", ""Fund_from_Finnhub""]",[],81.25,91.392782964835
GM,reduced,rr_gate=reduced;rel_gate=full;quality=good,1.384684114664632,46.81191156576563,25.411114973905967,50.0,0,51.052394811811546,"[""Fund_from_FMP"", ""Fund_from_Finnhub""]",[],81.25,85.52394811811546
GPC,full,rr_gate=full;rel_gate=full;quality=good,3.8253355241964453,54.21067556884336,49.919750011760776,50.0,0,51.564459975026836,"[""Fund_from_FMP"", ""Fund_from_Finnhub""]",[],81.25,90.64459975026838
GILD,blocked,rr_gate=blocked;rel_gate=full;quality=good,0.5127567856077613,44.25635184285855,3.8456758920582095,0.0,0,51.45387657356847,"[""Fund_from_FMP"", ""Fund_from_Finnhub""]",[],81.25,89.53876573568469
GPN,full,rr_gate=full;rel_gate=full;quality=good,5.0,57.64656454060224,51.98907159169433,50.0,0,50.97709693734826,"[""Fund_from_FMP"", ""Fund_from_Finnhub""]",[],81.25,84.77096937348256
GL,full,rr_gate=full;rel_gate=full;quality=good,3.634499423632208,53.63169246855794,49.53695977794798,50.0,0,51.52129465107544,"[""Fund_from_FMP"", ""Fund_from_Finnhub""]",[],81.25,90.21294651075442
GDDY,full,rr_gate=full;rel_gate=full;quality=good,5.0,57.688748732586866,52.08508986624506,50.0,0,51.25832488391244,"[""Fund_from_FMP"", ""Fund_from_Finnhub""]",[],81.25,87.58324883912438
GS,reduced,rr_gate=reduced;rel_gate=full;quality=good,1.3433469852997415,46.728579725964934,25.101267502963616,50.0,0,51.32359180043805,"[""Fund_from_FMP"", ""Fund_from_Finnhub""]",[],81.25,88.23591800438052
HAL,full,rr_gate=full;rel_gate=full;quality=good,3.2166051648204568,52.27978870234175,48.520889500016494,50.0,1,50.866488052535864,"[""Fund_from_FMP"", ""Fund_from_Finnhub""]",[],81.25,83.66488052535865
HIG,blocked,rr_gate=blocked;rel_gate=full;quality=good,0.3634369577626454,43.844015992721275,2.7257771832198405,0.0,0,51.69136746288896,"[""Fund_from_FMP"", ""Fund_from_Finnhub""]",[],81.25,91.9136746288896
HAS,reduced,rr_gate=reduced;rel_gate=full;quality=good,1.4234958612567723,46.943248511222194,25.754270510341904,50.0,0,51.15173951634584,"[""Fund_from_FMP"", ""Fund_from_Finnhub""]",[],81.25,86.51739516345842
HCA,blocked,rr_gate=blocked;rel_gate=full;quality=good,0.25765462510933845,43.496745322459134,1.9324096883200381,0.0,0,51.49187631420745,"[""Fund_from_FMP"", ""Fund_from_Finnhub""]",[],81.25,89.91876314207451
DOC,full,rr_gate=full;rel_gate=full;quality=good,5.0,57.74026399841269,52.202483988755205,50.0,2,51.60175998941794,"[""Fund_from_FMP"", ""Fund_from_Finnhub""]",[],81.25,91.01759989417943
HSIC,full,rr_gate=full;rel_gate=full;quality=good,2.9741463883152788,51.6331665053581,48.22442504305002,50.0,0,51.40484893608174,"[""Fund_from_FMP"", ""Fund_from_Finnhub""]",[],81.25,89.0484893608174
HSY,reduced,rr_gate=reduced;rel_gate=full;quality=good,1.9261962494601876,48.482292621979994,36.27756956453687,50.0,0,51.358025823996215,"[""Fund_from_FMP"", ""Fund_from_Finnhub""]",[],81.25,88.5802582399621
HPE,full,rr_gate=full;rel_gate=full;quality=good,3.7120341834885333,53.745839524377985,49.43008002750156,50.0,2,50.73157982608256,"[""Fund_from_FMP"", ""Fund_from_Finnhub""]",[],81.25,82.31579826082559
HLT,reduced,rr_gate=reduced;rel_gate=full;quality=good,1.3400285695582517,46.74887056604887,25.102935408483738,50.0,0,51.52523238249412,"[""Fund_from_FMP"", ""Fund_from_Finnhub""]",[],81.25,90.25232382494116
HOLX,full,rr_gate=full;rel_gate=full;quality=good,5.0,57.70824521210007,52.129501186030424,50.0,0,51.38830141400047,"[""Fund_from_FMP"", ""Fund_from_Finnhub""]",[],81.25,88.88301414000475
HD,full,rr_gate=full;rel_gate=full;quality=good,5.0,57.7453384364309,52.214055866114435,50.0,0,51.63558957620601,"[""Fund_from_FMP"", ""Fund_from_Finnhub""]",[],81.25,91.35589576206006
HON,full,rr_gate=full;rel_gate=full;quality=good,5.0,57.73193171680339,52.18348600719003,50.0,0,51.54621144535591,"[""Fund_from_FMP"", ""Fund_from_Finnhub""]",[],81.25,90.46211445355908
HRL,full,rr_gate=full;rel_gate=full;quality=good,5.0,57.72799033677713,52.174500851848634,50.0,2,51.5199355785142,"[""Fund_from_FMP"", ""Fund_from_Finnhub""]",[],81.25,90.199355785142
HST,reduced,rr_gate=reduced;rel_gate=full;quality=good,1.548899334328761,47.350258972088525,32.93796492173162,50.0,2,51.35707312734827,"[""Fund_from_FMP"", ""Fund_from_Finnhub""]",[],81.25,88.57073127348274
HWM,reduced,rr_gate=reduced;rel_gate=full;quality=good,1.112762633294069,46.020399555709936,23.133450832924765,50.0,0,51.2140777055182,"[""Fund_from_FMP"", ""Fund_from_Finnhub""]",[],81.25,87.14077705518199
HPQ,full,rr_gate=full;rel_gate=full;quality=good,5.0,57.65426658130949,52.00659519934794,50.0,2,51.02844387539663,"[""Fund_from_FMP"", ""Fund_from_Finnhub""]",[],81.25,85.28443875396634
HUBB,full,rr_gate=full;rel_gate=full;quality=good,3.0360904650228333,51.80385129740552,48.31202264712315,50.0,0,51.30386601558015,"[""Fund_from_FMP"", ""Fund_from_Finnhub""]",[],81.25,88.03866015580147
HUM,full,rr_gate=full;rel_gate=full;quality=good,4.923091821490294,57.39107018460717,51.78485524041168,50.0,0,50.81196480090864,"[""Fund_from_FMP"", ""Fund_from_Finnhub""]",[],81.25,83.11964800908636
HBAN,full,rr_gate=full;rel_gate=full;quality=good,4.208069986552976,55.330431849774634,50.59644344761239,50.0,3,51.37481260077138,"[""Fund_from_FMP"", ""Fund_from_Finnhub""]",[],81.25,88.74812600771375
HII,reduced,rr_gate=reduced;rel_gate=full;quality=good,1.4364055168556062,46.97641130138055,25.858040444972247,50.0,0,51.11463167209155,"[""Fund_from_FMP"", ""Fund_from_Finnhub""]",[],81.25,86.14631672091544
IBM,reduced,rr_gate=reduced;rel_gate=full;quality=good,1.9511692213974456,48.5548077536494,36.49520484891042,50.0,0,51.3420005963804,"[""Fund_from_FMP"", ""Fund_from_Finnhub""]",[],81.25,88.42000596380403
IEX,full,rr_gate=full;rel_gate=full;quality=good,5.0,57.71128416712163,52.13642560712186,50.0,0,51.408561114144206,"[""Fund_from_FMP"", ""Fund_from_Finnhub""]",[],81.25,89.08561114144203
IDXX,blocked,rr_gate=blocked;rel_gate=full;quality=good,0.9352443446005081,45.43020568889481,7.014332584503811,0.0,0,50.82981770062192,"[""Fund_from_FMP"", ""Fund_from_Finnhub""]",[],81.25,83.29817700621925
ITW,full,rr_gate=full;rel_gate=full;quality=good,4.773727154701304,57.0711694073487,51.78710511784846,50.0,0,51.66658628829856,"[""Fund_from_FMP"", ""Fund_from_Finnhub""]",[],81.25,91.66586288298558
INCY,reduced,rr_gate=reduced;rel_gate=full;quality=good,1.0556089182499422,45.84974260739496,22.650483143785088,50.0,0,51.21943901763422,"[""Fund_from_FMP"", ""Fund_from_Finnhub""]",[],81.25,87.1943901763422
IR,full,rr_gate=full;rel_gate=full;quality=good,5.0,57.69358629675177,52.096107416175556,50.0,0,51.29057531167845,"[""Fund_from_FMP"", ""Fund_from_Finnhub""]",[],81.25,87.90575311678454
PODD,reduced,rr_gate=reduced;rel_gate=full;quality=good,1.318323935750014,46.615271519039126,24.85190652150301,50.0,0,51.06866474526056,"[""Fund_from_FMP"", ""Fund_from_Finnhub""]",[],81.25,85.68664745260561
INTC,full,rr_gate=full;rel_gate=full;quality=good,2.6230281202858876,50.38792416355169,47.14919844649727,50.0,1,50.12559868462681,"[""Fund_from_FMP"", ""Fund_from_Finnhub""]",[],81.25,76.25598684626806
IBKR,reduced,rr_gate=reduced;rel_gate=full;quality=good,1.990241985927141,48.58796753407413,36.72217658293478,50.0,0,50.78161050861804,"[""Fund_from_FMP"", ""Fund_from_Finnhub""]",[],81.25,82.81610508618036
ICE,full,rr_gate=full;rel_gate=full;quality=good,5.0,57.76771629314578,52.265104304849544,50.0,0,51.78477528763855,"[""Fund_from_FMP"", ""Fund_from_Finnhub""]",[],81.25,92.84775287638548
IFF,full,rr_gate=full;rel_gate=full;quality=good,5.0,57.721495270333286,52.15969598380755,50.0,0,51.47663513555524,"[""Fund_from_FMP"", ""Fund_from_Finnhub""]",[],81.25,89.76635135555239
IP,full,rr_gate=full;rel_gate=full;quality=good,5.0,57.661660959885,52.023421979941276,50.0,1,51.07773973256665,"[""Fund_from_FMP"", ""Fund_from_Finnhub""]",[],81.25,85.77739732566647
IPG,full,rr_gate=full;rel_gate=full;quality=good,5.0,57.703542261800685,52.118786294564494,50.0,2,51.35694841200456,"[""Fund_from_FMP"", ""Fund_from_Finnhub""]",[],81.25,88.56948412004562
INTU,full,rr_gate=full;rel_gate=full;quality=good,5.0,57.69786576067737,52.1058549985474,50.0,0,51.31910507118245,"[""Fund_from_FMP"", ""Fund_from_Finnhub""]",[],81.25,88.1910507118245
ISRG,full,rr_gate=full;rel_gate=full;quality=good,2.157071461897951,49.14152345528329,46.5648498716496,50.0,0,51.135393797262886,"[""Fund_from_FMP"", ""Fund_from_Finnhub""]",[],81.25,86.35393797262883
IVZ,reduced,rr_gate=reduced;rel_gate=full;quality=good,1.2714227908023579,46.462711073095186,24.44336829833402,50.0,2,50.98961800458745,"[""Fund_from_FMP"", ""Fund_from_Finnhub""]",[],81.25,84.89618004587446
INVH,full,rr_gate=full;rel_gate=full;quality=good,5.0,57.759132324228055,52.245519172491626,50.0,1,51.72754882818705,"[""Fund_from_FMP"", ""Fund_from_Finnhub""]",[],81.25,92.27548828187048
IQV,blocked,rr_gate=blocked;rel_gate=full;quality=good,0.973864158874813,45.57987804718323,7.303981191561098,0.0,0,51.05523713705858,"[""Fund_from_FMP"", ""Fund_from_Finnhub""]",[],81.25,85.55237137058586
IRM,full,rr_gate=full;rel_gate=full;quality=good,4.333767525257014,55.686240889043205,50.791769951535514,50.0,0,51.23292208848111,"[""Fund_from_FMP"", ""Fund_from_Finnhub""]",[],81.25,87.32922088481111
JBHT,full,rr_gate=full;rel_gate=full;quality=good,3.846929297912514,54.18467314728114,49.763626435354304,50.0,0,50.95923502362396,"[""Fund_from_FMP"", ""Fund_from_Finnhub""]",[],81.25,84.5923502362396
JBL,full,rr_gate=full;rel_gate=full;quality=good,2.709389040111446,50.77692586956853,47.584306414682175,50.0,0,50.9917249948946,"[""Fund_from_FMP"", ""Fund_from_Finnhub""]",[],81.25,84.917249948946
JKHY,full,rr_gate=full;rel_gate=full;quality=good,3.8338977445050855,54.24976965235857,49.96554066310083,50.0,0,51.65384279228879,"[""Fund_from_FMP"", ""Fund_from_Finnhub""]",[],81.25,91.53842792288789
J,full,rr_gate=full;rel_gate=full;quality=good,4.09848353802687,55.01985223842662,50.4249745547151,50.0,0,51.49601082897346,"[""Fund_from_FMP"", ""Fund_from_Finnhub""]",[],81.25,89.96010828973462
JNJ,blocked,rr_gate=blocked;rel_gate=full;quality=good,0.17813406372231605,43.29936046935774,1.3360054779173702,0.0,0,51.766388521271935,"[""Fund_from_FMP"", ""Fund_from_Finnhub""]",[],81.25,92.66388521271935
JCI,reduced,rr_gate=reduced;rel_gate=full;quality=good,1.8587856448034277,48.27532726873269,35.6742633968203,50.0,0,51.326468895482684,"[""Fund_from_FMP"", ""Fund_from_Finnhub""]",[],81.25,88.26468895482685
JPM,reduced,rr_gate=reduced;rel_gate=full;quality=good,1.677235525975517,47.769107336915106,34.121148970284864,50.0,0,51.58267172659038,"[""Fund_from_FMP"", ""Fund_from_Finnhub""]",[],81.25,90.82671726590378
K,blocked,rr_gate=blocked;rel_gate=full;quality=good,0.07793590595002223,43.06801598985085,0.5845192946251667,0.0,0,52.228055146671885,"[""Fund_from_FMP"", ""Fund_from_Finnhub""]",[],81.25,97.28055146671882
KVUE,full,rr_gate=full;rel_gate=full;quality=good,5.0,57.678443723818084,52.06162463526048,50.0,3,51.189624825453905,"[""Fund_from_FMP"", ""Fund_from_Finnhub""]",[],81.25,86.89624825453907
KDP,full,rr_gate=full;rel_gate=full;quality=good,5.0,57.72545199285566,52.168714660836834,50.0,1,51.5030132857044,"[""Fund_from_FMP"", ""Fund_from_Finnhub""]",[],81.25,90.03013285704398
KEY,full,rr_gate=full;rel_gate=full;quality=good,2.55316700737718,50.35920046983222,47.38893026093145,50.0,2,51.33132965133788,"[""Fund_from_FMP"", ""Fund_from_Finnhub""]",[],81.25,88.31329651337884
KEYS,reduced,rr_gate=reduced;rel_gate=full;quality=good,1.5262181334493,47.27113497339247,32.72183902318436,50.0,0,51.28320382029713,"[""Fund_from_FMP"", ""Fund_from_Finnhub""]",[],81.25,87.83203820297129
KMB,full,rr_gate=full;rel_gate=full;quality=good,5.0,57.736761532664104,52.19449772803353,50.0,0,51.5784102177607,"[""Fund_from_FMP"", ""Fund_from_Finnhub""]",[],81.25,90.784102177607
KIM,full,rr_gate=full;rel_gate=full;quality=good,5.0,57.741744190625994,52.205859305940464,50.0,2,51.61162793750665,"[""Fund_from_FMP"", ""Fund_from_Finnhub""]",[],81.25,91.11627937506648
KMI,full,rr_gate=full;rel_gate=full;quality=good,3.2817929758433797,52.57693753079349,48.86274587207153,50.0,1,51.54372402175566,"[""Fund_from_FMP"", ""Fund_from_Finnhub""]",[],81.25,90.43724021755658
KKR,full,rr_gate=full;rel_gate=full;quality=good,5.0,57.61714964173826,51.92217803569924,50.0,0,50.78099761158839,"[""Fund_from_FMP"", ""Fund_from_Finnhub""]",[],81.25,82.80997611588393
KLAC,full,rr_gate=full;rel_gate=full;quality=good,2.0384710398183254,48.74780132385331,46.259576304049375,50.0,0,50.88258802932219,"[""Fund_from_FMP"", ""Fund_from_Finnhub""]",[],81.25,83.82588029322193
KHC,full,rr_gate=full;rel_gate=full;quality=good,5.0,57.72997069196755,52.17901535316943,50.0,2,51.53313794645037,"[""Fund_from_FMP"", ""Fund_from_Finnhub""]",[],81.25,90.33137946450363
KR,full,rr_gate=full;rel_gate=full;quality=good,3.108981989329833,52.05569179800303,48.52288332333271,50.0,0,51.5249722000902,"[""Fund_from_FMP"", ""Fund_from_Finnhub""]",[],81.25,90.24972200090198
LHX,reduced,rr_gate=reduced;rel_gate=full;quality=good,1.9265669321796686,48.52934832751783,36.345759116970214,50.0,0,51.66431687319219,"[""Fund_from_FMP"", ""Fund_from_Finnhub""]",[],81.25,91.64316873192195
LH,full,rr_gate=full;rel_gate=full;quality=good,2.5442545205849014,50.371540258728785,47.452637498399774,50.0,0,51.591844646493925,"[""Fund_from_FMP"", ""Fund_from_Finnhub""]",[],81.25,90.91844646493928
LRCX,reduced,rr_gate=reduced;rel_gate=full;quality=good,1.9384137111241946,48.41436776791141,36.23819765777506,50.0,0,50.660844230258846,"[""Fund_from_FMP"", ""Fund_from_Finnhub""]",[],81.25,81.60844230258841
LW,full,rr_gate=full;rel_gate=full;quality=good,5.0,57.630090390935365,51.95160105223155,50.0,0,50.86726927290244,"[""Fund_from_FMP"", ""Fund_from_Finnhub""]",[],81.25,83.6726927290244
LVS,reduced,rr_gate=reduced;rel_gate=full;quality=good,1.0112697330337312,45.67844797612107,22.2381256838702,50.0,0,50.964258513465865,"[""Fund_from_FMP"", ""Fund_from_Finnhub""]",[],81.25,84.6425851346586
LDOS,reduced,rr_gate=reduced;rel_gate=full;quality=good,1.7630194670331392,48.01427594508566,34.86348751311817,50.0,0,51.501450293241604,"[""Fund_from_FMP"", ""Fund_from_Finnhub""]",[],81.25,90.01450293241605
LEN,full,rr_gate=full;rel_gate=full;quality=good,5.0,57.67851158398049,52.0617791379482,50.0,0,51.190077226536566,"[""Fund_from_FMP"", ""Fund_from_Finnhub""]",[],81.25,86.90077226536563
LII,full,rr_gate=full;rel_gate=full;quality=good,5.0,57.67454815585448,52.05275571993367,50.0,0,51.1636543723632,"[""Fund_from_FMP"", ""Fund_from_Finnhub""]",[],81.25,86.63654372363196
LLY,blocked,rr_gate=blocked;rel_gate=full;quality=good,0.2854019011916473,43.501952034272726,2.140514258937355,0.0,0,50.97164220465188,"[""Fund_from_FMP"", ""Fund_from_Finnhub""]",[],81.25,84.71642204651876
LIN,full,rr_gate=full;rel_gate=full;quality=good,5.0,57.768304758092775,52.26644709590138,50.0,0,51.78869838728515,"[""Fund_from_FMP"", ""Fund_from_Finnhub""]",[],81.25,92.88698387285154
LYV,full,rr_gate=full;rel_gate=full;quality=good,4.876574903562177,57.329891762092636,51.87294673442512,50.0,0,51.33444700937403,"[""Fund_from_FMP"", ""Fund_from_Finnhub""]",[],81.25,88.34447009374033
LKQ,full,rr_gate=full;rel_gate=full;quality=good,5.0,57.682555903066195,52.07098763558613,50.0,1,51.217039353774624,"[""Fund_from_FMP"", ""Fund_from_Finnhub""]",[],81.25,87.17039353774622
LMT,full,rr_gate=full;rel_gate=full;quality=good,3.593352321857137,53.50668123589265,49.45407681133277,50.0,0,51.51082846880826,"[""Fund_from_FMP"", ""Fund_from_Finnhub""]",[],81.25,90.1082846880826
L,blocked,rr_gate=blocked;rel_gate=full;quality=good,0.5109269580044511,44.29841088906522,3.8319521850333826,0.0,0,51.77086676701242,"[""Fund_from_FMP"", ""Fund_from_Finnhub""]",[],81.25,92.7086676701242
LOW,full,rr_gate=full;rel_gate=full;quality=good,4.911052123782225,57.472775629753144,52.02908934042492,50.0,0,51.59746172270983,"[""Fund_from_FMP"", ""Fund_from_Finnhub""]",[],81.25,90.9746172270983
LULU,full,rr_gate=full;rel_gate=full;quality=good,5.0,57.58555014344592,51.85037102524366,50.0,0,50.57033428963948,"[""Fund_from_FMP"", ""Fund_from_Finnhub""]",[],81.25,80.70334289639482
LYB,full,rr_gate=full;rel_gate=full;quality=good,5.0,57.6446158948467,51.984638584768724,50.0,1,50.96410596564466,"[""Fund_from_FMP"", ""Fund_from_Finnhub""]",[],81.25,84.6410596564466
MTB,full,rr_gate=full;rel_gate=full;quality=good,5.0,57.72741469182867,52.17318862900334,50.0,0,51.51609794552447,"[""Fund_from_FMP"", ""Fund_from_Finnhub""]",[],81.25,90.16097945524469
MPC,blocked,rr_gate=blocked;rel_gate=full;quality=good,0.9770306178122126,45.609638402758485,7.327729633591593,0.0,0,51.19031032881229,"[""Fund_from_FMP"", ""Fund_from_Finnhub""]",[],81.25,86.90310328812285
MAR,reduced,rr_gate=reduced;rel_gate=full;quality=good,1.5849639582185746,47.468093985489645,33.27058586805762,50.0,0,51.42134740555945,"[""Fund_from_FMP"", ""Fund_from_Finnhub""]",[],81.25,89.21347405559449
MMC,full,rr_gate=full;rel_gate=full;quality=good,5.0,57.75763751833927,52.242109059143274,50.0,0,51.71758345559516,"[""Fund_from_FMP"", ""Fund_from_Finnhub""]",[],81.25,92.17583455595158
MLM,full,rr_gate=full;rel_gate=full;quality=good,2.3290777900896846,49.732882435402814,47.05085624140811,50.0,0,51.6376604342251,"[""Fund_from_FMP"", ""Fund_from_Finnhub""]",[],81.25,91.37660434225096
MAS,full,rr_gate=full;rel_gate=full;quality=good,5.0,57.69824261558041,52.106713432463515,50.0,0,51.32161743720276,"[""Fund_from_FMP"", ""Fund_from_Finnhub""]",[],81.25,88.21617437202758
MA,full,rr_gate=full;rel_gate=full;quality=good,3.600375162179006,53.55026975998743,49.51631302514404,50.0,0,51.66096182300274,"[""Fund_from_FMP"", ""Fund_from_Finnhub""]",[],81.25,91.60961823002737
MTCH,full,rr_gate=full;rel_gate=full;quality=good,4.469438077491203,56.0836567184734,51.03195684549445,50.0,1,51.16894990666529,"[""Fund_from_FMP"", ""Fund_from_Finnhub""]",[],81.25,86.6894990666529
MKC,full,rr_gate=full;rel_gate=full;quality=good,5.0,57.740937116513564,52.20401890043065,50.0,0,51.60624744342378,"[""Fund_from_FMP"", ""Fund_from_Finnhub""]",[],81.25,91.06247443423783
MCD,full,rr_gate=full;rel_gate=full;quality=good,2.0612747696523117,48.95651444526121,46.58802678577074,50.0,0,51.81793424202851,"[""Fund_from_FMP"", ""Fund_from_Finnhub""]",[],81.25,93.17934242028507
MCK,blocked,rr_gate=blocked;rel_gate=full;quality=good,0.5000332580898534,44.247401357394054,3.7502494356739007,0.0,0,51.64867722082997,"[""Fund_from_FMP"", ""Fund_from_Finnhub""]",[],81.25,91.48677220829963
MDT,blocked,rr_gate=blocked;rel_gate=full;quality=good,0.9525232890442276,45.60935342791791,7.1439246678317065,0.0,0,51.67855707190153,"[""Fund_from_FMP"", ""Fund_from_Finnhub""]",[],81.25,91.78557071901531
MRK,reduced,rr_gate=reduced;rel_gate=full;quality=good,1.2272488911298263,46.38875096107085,24.126818882260967,50.0,0,51.380028584542494,"[""Fund_from_FMP"", ""Fund_from_Finnhub""]",[],81.25,88.80028584542495
META,full,rr_gate=full;rel_gate=full;quality=good,5.0,57.65883486060397,52.016990491902384,50.0,0,51.058899070693116,"[""Fund_from_FMP"", ""Fund_from_Finnhub""]",[],81.25,85.58899070693116
MET,full,rr_gate=full;rel_gate=full;quality=good,2.9929655977960254,51.691319091094385,48.26432693580202,50.0,0,51.41614865137543,"[""Fund_from_FMP"", ""Fund_from_Finnhub""]",[],81.25,89.16148651375428
MTD,reduced,rr_gate=reduced;rel_gate=full;quality=good,1.0413101696726619,45.80957850577074,22.532109221416583,50.0,0,51.237653311685015,"[""Fund_from_FMP"", ""Fund_from_Finnhub""]",[],81.25,87.37653311685014
MGM,full,rr_gate=full;rel_gate=full;quality=good,5.0,57.63802879838967,51.96965508157682,50.0,1,50.92019198926444,"[""Fund_from_FMP"", ""Fund_from_Finnhub""]",[],81.25,84.20191989264436
MCHP,full,rr_gate=full;rel_gate=full;quality=good,5.0,57.54161151067349,51.750618483864834,50.0,1,50.27741007115663,"[""Fund_from_FMP"", ""Fund_from_Finnhub""]",[],81.25,77.77410071156629
MU,reduced,rr_gate=reduced;rel_gate=full;quality=good,1.8449229088946428,48.05236150874431,35.29705473866992,50.0,0,50.1172852137359,"[""Fund_from_FMP"", ""Fund_from_Finnhub""]",[],81.25,76.17285213735897
MSFT,full,rr_gate=full;rel_gate=full;quality=good,3.608608054382639,53.56248505209953,49.50524167164193,50.0,0,51.57773925967745,"[""Fund_from_FMP"", ""Fund_from_Finnhub""]",[],81.25,90.7773925967745
MAA,full,rr_gate=full;rel_gate=full;quality=good,5.0,57.75719867777208,52.24110795247907,50.0,0,51.71465785181388,"[""Fund_from_FMP"", ""Fund_from_Finnhub""]",[],81.25,92.1465785181388
MRNA,reduced,rr_gate=full;rel_gate=reduced;quality=good,5.0,57.49383469808526,40.64959347484574,50.0,2,49.958897987235055,"[""Fund_from_FMP"", ""Fund_from_Finnhub""]",[],81.25,74.58897987235052
MHK,full,rr_gate=full;rel_gate=full;quality=good,5.0,57.67012060094451,52.042676691008744,50.0,0,51.13413733963006,"[""Fund_from_FMP"", ""Fund_from_Finnhub""]",[],81.25,86.34137339630061
MOH,full,rr_gate=full;rel_gate=full;quality=good,5.0,57.5788077083984,51.835056774258625,50.0,0,50.525384722656,"[""Fund_from_FMP"", ""Fund_from_Finnhub""]",[],81.25,80.25384722656
TAP,full,rr_gate=full;rel_gate=full;quality=good,5.0,57.72847356189574,52.17560241173742,50.0,1,51.52315707930491,"[""Fund_from_FMP"", ""Fund_from_Finnhub""]",[],81.25,90.23157079304906
MDLZ,full,rr_gate=full;rel_gate=full;quality=good,5.0,57.74833301794909,52.22088547050572,50.0,0,51.655553452993985,"[""Fund_from_FMP"", ""Fund_from_Finnhub""]",[],81.25,91.55553452993985
MPWR,full,rr_gate=full;rel_gate=full;quality=good,2.8246578417510397,51.01272115918739,47.57661403593686,50.0,0,50.25831755956181,"[""Fund_from_FMP"", ""Fund_from_Finnhub""]",[],81.25,77.58317559561812
MNST,blocked,rr_gate=blocked;rel_gate=full;quality=good,0.27094670158956147,43.55570610805071,2.0321002619217112,0.0,0,51.61910668854683,"[""Fund_from_FMP"", ""Fund_from_Finnhub""]",[],81.25,91.19106688546827
MCO,full,rr_gate=full;rel_gate=full;quality=good,3.1895930092914138,52.28952285417358,48.661610851124586,50.0,0,51.4716255086623,"[""Fund_from_FMP"", ""Fund_from_Finnhub""]",[],81.25,89.71625508662295
MS,reduced,rr_gate=reduced;rel_gate=full;quality=good,1.5145264424231708,47.243075213736304,32.628095815825716,50.0,0,51.329972576445286,"[""Fund_from_FMP"", ""Fund_from_Finnhub""]",[],81.25,88.29972576445289
MOS,full,rr_gate=full;rel_gate=full;quality=good,5.0,57.6558898639998,52.010288905140996,50.0,2,51.0392657599987,"[""Fund_from_FMP"", ""Fund_from_Finnhub""]",[],81.25,85.39265759998699
MSI,full,rr_gate=full;rel_gate=full;quality=good,5.0,57.743668550436524,52.21024765459283,50.0,0,51.624457002910184,"[""Fund_from_FMP"", ""Fund_from_Finnhub""]",[],81.25,91.24457002910182
MSCI,full,rr_gate=full;rel_gate=full;quality=good,3.5276496128689923,53.30016418379101,49.306887051410634,50.0,0,51.44810230122692,"[""Fund_from_FMP"", ""Fund_from_Finnhub""]",[],81.25,89.48102301226919
NDAQ,full,rr_gate=full;rel_gate=full;quality=good,3.7013689532540655,53.8446053865261,49.69283980155027,50.0,0,51.60332351175933,"[""Fund_from_FMP"", ""Fund_from_Finnhub""]",[],81.25,91.0332351175933
NTAP,full,rr_gate=full;rel_gate=full;quality=good,5.0,57.66429795376226,52.02942352002676,50.0,0,51.095319691748415,"[""Fund_from_FMP"", ""Fund_from_Finnhub""]",[],81.25,85.95319691748414
NFLX,full,rr_gate=full;rel_gate=full;quality=good,4.170793697659921,55.19814374403003,50.479339653075904,50.0,0,51.23841767366843,"[""Fund_from_FMP"", ""Fund_from_Finnhub""]",[],81.25,87.38417673668427
NEM,full,rr_gate=full;rel_gate=full;quality=good,2.674906990009016,50.674683739544534,47.52042483496978,50.0,0,50.99975179678323,"[""Fund_from_FMP"", ""Fund_from_Finnhub""]",[],81.25,84.99751796783227
NWSA,full,rr_gate=full;rel_gate=full;quality=good,5.0,57.73885113542185,52.1992623197948,50.0,2,51.59234090281231,"[""Fund_from_FMP"", ""Fund_from_Finnhub""]",[],81.25,90.92340902812307
NWS,full,rr_gate=full;rel_gate=full;quality=good,5.0,57.73480289914938,52.19003198944631,50.0,1,51.565352660995856,"[""Fund_from_FMP"", ""Fund_from_Finnhub""]",[],81.25,90.65352660995853
NEE,blocked,rr_gate=blocked;rel_gate=full;quality=good,0.9246955381327195,45.49067978987413,6.935216535995397,0.0,0,51.44395450317314,"[""Fund_from_FMP"", ""Fund_from_Finnhub""]",[],81.25,89.4395450317314
NKE,full,rr_gate=full;rel_gate=full;quality=good,5.0,57.64869963605433,51.993929003206425,50.0,0,50.99133090702887,"[""Fund_from_FMP"", ""Fund_from_Finnhub""]",[],81.25,84.91330907028868
NI,reduced,rr_gate=reduced;rel_gate=full;quality=good,1.3751935193928047,46.885645211316216,25.431489209889236,50.0,1,51.733764354252,"[""Fund_from_FMP"", ""Fund_from_Finnhub""]",[],81.25,92.33764354252
NDSN,full,rr_gate=full;rel_gate=full;quality=good,3.920327195616579,54.47226042865276,50.05214971258929,50.0,0,51.40852561202016,"[""Fund_from_FMP"", ""Fund_from_Finnhub""]",[],81.25,89.0852561202016
NSC,full,rr_gate=full;rel_gate=full;quality=good,2.9389856211483454,51.559118551625716,48.22269796703252,50.0,0,51.614411254537856,"[""Fund_from_FMP"", ""Fund_from_Finnhub""]",[],81.25,91.14411254537855
NTRS,reduced,rr_gate=reduced;rel_gate=full;quality=good,1.6387217395402913,47.62476880250873,33.74000429084338,50.0,0,51.390690559252384,"[""Fund_from_FMP"", ""Fund_from_Finnhub""]",[],81.25,88.90690559252386
NOC,full,rr_gate=full;rel_gate=full;quality=good,4.115833808858818,55.06953041180323,50.453258209561575,50.0,0,51.480193234845146,"[""Fund_from_FMP"", ""Fund_from_Finnhub""]",[],81.25,89.80193234845144
NCLH,full,rr_gate=full;rel_gate=full;quality=good,5.0,57.58119533345666,51.840479548496724,50.0,2,50.54130222304441,"[""Fund_from_FMP"", ""Fund_from_Finnhub""]",[],81.25,80.41302223044408
NRG,reduced,rr_gate=reduced;rel_gate=full;quality=good,1.0144891148946682,45.60314355762463,22.183223861867035,50.0,0,50.39784141960414,"[""Fund_from_FMP"", ""Fund_from_Finnhub""]",[],81.25,78.9784141960414
NUE,blocked,rr_gate=blocked;rel_gate=full;quality=good,0.8544073379497249,45.2251616312044,6.408055034622937,0.0,0,51.07959744903483,"[""Fund_from_FMP"", ""Fund_from_Finnhub""]",[],81.25,85.79597449034826
NVDA,full,rr_gate=full;rel_gate=full;quality=good,2.062506007397554,48.77945856473411,46.22397444843537,50.0,0,50.61293695027628,"[""Fund_from_FMP"", ""Fund_from_Finnhub""]",[],81.25,81.12936950276281
NVR,full,rr_gate=full;rel_gate=full;quality=good,5.0,57.72105457031361,52.15869153786412,50.0,0,51.473697135424075,"[""Fund_from_FMP"", ""Fund_from_Finnhub""]",[],81.25,89.73697135424072
NXPI,full,rr_gate=full;rel_gate=full;quality=good,5.0,57.61639610759693,51.92046503874583,50.0,0,50.77597405064616,"[""Fund_from_FMP"", ""Fund_from_Finnhub""]",[],81.25,82.75974050646164
ORLY,full,rr_gate=full;rel_gate=full;quality=good,2.48082223249306,50.2019348967829,47.37279799009398,50.0,0,51.729787995358166,"[""Fund_from_FMP"", ""Fund_from_Finnhub""]",[],81.25,92.29787995358166
OXY,full,rr_gate=full;rel_gate=full;quality=good,5.0,57.668376504182405,52.038706677816336,50.0,1,51.12251002788269,"[""Fund_from_FMP"", ""Fund_from_Finnhub""]",[],81.25,86.22510027882687
ODFL,full,rr_gate=full;rel_gate=full;quality=good,5.0,57.65613303916056,52.01084225199826,50.0,0,51.04088692773706,"[""Fund_from_FMP"", ""Fund_from_Finnhub""]",[],81.25,85.40886927737063
OMC,full,rr_gate=full;rel_gate=full;quality=good,5.0,57.70006736484332,52.11087012390833,50.0,0,51.3337824322888,"[""Fund_from_FMP"", ""Fund_from_Finnhub""]",[],81.25,88.33782432288803
ON,full,rr_gate=full;rel_gate=full;quality=good,5.0,57.542247141757386,51.752060757911366,50.0,1,50.281647611715925,"[""Fund_from_FMP"", ""Fund_from_Finnhub""]",[],81.25,77.81647611715923
OKE,full,rr_gate=full;rel_gate=full;quality=good,5.0,57.699042873749406,52.1085363590237,50.0,0,51.32695249166268,"[""Fund_from_FMP"", ""Fund_from_Finnhub""]",[],81.25,88.26952491662682
ORCL,full,rr_gate=full;rel_gate=full;quality=good,5.0,57.5356969759307,51.73719924987548,50.0,0,50.23797983953799,"[""Fund_from_FMP"", ""Fund_from_Finnhub""]",[],81.25,77.37979839537991
OTIS,full,rr_gate=full;rel_gate=full;quality=good,5.0,57.73915535904406,52.19995601359639,50.0,0,51.59436906029375,"[""Fund_from_FMP"", ""Fund_from_Finnhub""]",[],81.25,90.9436906029375
PCAR,full,rr_gate=full;rel_gate=full;quality=good,3.43825399598486,53.029046854570986,49.1279781663631,50.0,0,51.4285657774427,"[""Fund_from_FMP"", ""Fund_from_Finnhub""]",[],81.25,89.28565777442697
PKG,full,rr_gate=full;rel_gate=full;quality=good,5.0,57.723755912678136,52.164848625476765,50.0,0,51.49170608452089,"[""Fund_from_FMP"", ""Fund_from_Finnhub""]",[],81.25,89.91706084520891
PLTR,reduced,rr_gate=full;rel_gate=reduced;quality=good,2.465930723660751,49.88592460680168,37.249852038281006,50.0,0,49.92088290546282,"[""Fund_from_FMP"", ""Fund_from_Finnhub""]",[],81.25,74.20882905462818
PANW,full,rr_gate=full;rel_gate=full;quality=good,3.125372092441726,52.04709412844733,48.43215801570347,50.0,0,51.139852340814315,"[""Fund_from_FMP"", ""Fund_from_Finnhub""]",[],81.25,86.39852340814312
PSKY,full,rr_gate=full;rel_gate=full;quality=good,3.65263275339728,53.50778223492754,49.18683796571946,50.0,3,50.33255983157133,"[""Fund_from_FMP"", ""Fund_from_Finnhub""]",[],81.25,78.32559831571326
PH,reduced,rr_gate=reduced;rel_gate=full;quality=good,1.1952975785821396,46.280811305390074,23.844537794798384,50.0,0,51.29945713095769,"[""Fund_from_FMP"", ""Fund_from_Finnhub""]",[],81.25,87.99457130957694
PAYX,full,rr_gate=full;rel_gate=full;quality=good,5.0,57.73971380613897,52.2012294039992,50.0,0,51.5980920409265,"[""Fund_from_FMP"", ""Fund_from_Finnhub""]",[],81.25,90.980920409265
PAYC,full,rr_gate=full;rel_gate=full;quality=good,5.0,57.66833268535778,52.03860693711149,50.0,0,51.122217902385195,"[""Fund_from_FMP"", ""Fund_from_Finnhub""]",[],81.25,86.22217902385192
PYPL,full,rr_gate=full;rel_gate=full;quality=good,5.0,57.65709327602352,52.01302731074551,50.0,0,51.047288506823456,"[""Fund_from_FMP"", ""Fund_from_Finnhub""]",[],81.25,85.47288506823455
PNR,full,rr_gate=full;rel_gate=full;quality=good,2.6081431462542812,50.542864519277494,47.53388561365951,50.0,0,51.45623387009769,"[""Fund_from_FMP"", ""Fund_from_Finnhub""]",[],81.25,89.56233870097691
PEP,full,rr_gate=full;rel_gate=full;quality=good,2.935019000331215,51.551429379245825,48.22389359659237,50.0,0,51.64248252168122,"[""Fund_from_FMP"", ""Fund_from_Finnhub""]",[],81.25,91.4248252168122
PFE,full,rr_gate=full;rel_gate=full;quality=good,2.013643683293049,48.7661257750878,46.39955828659846,50.0,2,51.501298168057694,"[""Fund_from_FMP"", ""Fund_from_Finnhub""]",[],81.25,90.01298168057691
PCG,full,rr_gate=full;rel_gate=full;quality=good,5.0,57.69877952912289,52.107936476212494,50.0,3,51.32519686081925,"[""Fund_from_FMP"", ""Fund_from_Finnhub""]",[],81.25,88.25196860819244
PM,full,rr_gate=full;rel_gate=full;quality=good,4.548369889502049,56.37318841864783,51.30220419697542,50.0,0,51.52052500094456,"[""Fund_from_FMP"", ""Fund_from_Finnhub""]",[],81.25,90.20525000944559
PSX,reduced,rr_gate=reduced;rel_gate=full;quality=good,1.3279690080756044,46.65719603983131,24.946288842208553,50.0,0,51.15526010403003,"[""Fund_from_FMP"", ""Fund_from_Finnhub""]",[],81.25,86.55260104030029
PNW,reduced,rr_gate=reduced;rel_gate=full;quality=good,1.6705509522430977,47.788804734240685,34.11757393410786,50.0,0,51.8476791834093,"[""Fund_from_FMP"", ""Fund_from_Finnhub""]",[],81.25,93.47679183409296
PNC,full,rr_gate=full;rel_gate=full;quality=good,3.5285309438348165,53.318694323190165,49.34281320117539,50.0,0,51.554009944571455,"[""Fund_from_FMP"", ""Fund_from_Finnhub""]",[],81.25,90.54009944571455
POOL,full,rr_gate=full;rel_gate=full;quality=good,5.0,57.69568973521848,52.100898409881864,50.0,0,51.30459823478987,"[""Fund_from_FMP"", ""Fund_from_Finnhub""]",[],81.25,88.04598234789869
PPG,full,rr_gate=full;rel_gate=full;quality=good,5.0,57.70795493786252,52.12883980808018,50.0,0,51.38636625241679,"[""Fund_from_FMP"", ""Fund_from_Finnhub""]",[],81.25,88.86366252416794
PPL,full,rr_gate=full;rel_gate=full;quality=good,2.754021666040259,51.03647180959203,47.93255218439194,50.0,1,51.82937874314166,"[""Fund_from_FMP"", ""Fund_from_Finnhub""]",[],81.25,93.2937874314166
PFG,reduced,rr_gate=reduced;rel_gate=full;quality=good,1.3971495484528216,46.90621926563006,25.572695106571302,50.0,0,51.43180413514394,"[""Fund_from_FMP"", ""Fund_from_Finnhub""]",[],81.25,89.31804135143942
PG,full,rr_gate=full;rel_gate=full;quality=good,5.0,57.77076299977942,52.27205665655809,50.0,0,51.80508666519614,"[""Fund_from_FMP"", ""Fund_from_Finnhub""]",[],81.25,93.0508666519614
PGR,full,rr_gate=full;rel_gate=full;quality=good,5.0,57.73485071043301,52.1901409979069,50.0,0,51.56567140288675,"[""Fund_from_FMP"", ""Fund_from_Finnhub""]",[],81.25,90.6567140288675
PLD,blocked,rr_gate=blocked;rel_gate=full;quality=good,0.9811790704007566,45.653681258098686,7.3588430280056745,0.0,0,51.400960312642795,"[""Fund_from_FMP"", ""Fund_from_Finnhub""]",[],81.25,89.00960312642798
PRU,full,rr_gate=full;rel_gate=full;quality=good,5.0,57.723041218066186,52.163219603523785,50.0,0,51.48694145377455,"[""Fund_from_FMP"", ""Fund_from_Finnhub""]",[],81.25,89.86941453774547
PEG,full,rr_gate=full;rel_gate=full;quality=good,3.39717922031262,52.94370781932885,49.129887058442655,50.0,0,51.681134389273275,"[""Fund_from_FMP"", ""Fund_from_Finnhub""]",[],81.25,91.81134389273274
PTC,full,rr_gate=full;rel_gate=full;quality=good,4.971929683159329,57.59820546447827,52.01655029789116,50.0,0,51.21610943333521,"[""Fund_from_FMP"", ""Fund_from_Finnhub""]",[],81.25,87.16109433335212
PSA,full,rr_gate=full;rel_gate=full;quality=good,5.0,57.747277619445654,52.21847841367404,50.0,0,51.64851746297103,"[""Fund_from_FMP"", ""Fund_from_Finnhub""]",[],81.25,91.48517462971029
PHM,full,rr_gate=full;rel_gate=full;quality=good,5.0,57.6768551093265,52.05800778348143,50.0,0,51.17903406217669,"[""Fund_from_FMP"", ""Fund_from_Finnhub""]",[],81.25,86.79034062176687
PWR,reduced,rr_gate=reduced;rel_gate=full;quality=good,1.0775888783063514,45.882021801801024,22.803826194917935,50.0,0,50.9950344458798,"[""Fund_from_FMP"", ""Fund_from_Finnhub""]",[],81.25,84.95034445879801
QCOM,full,rr_gate=full;rel_gate=full;quality=good,3.7154586457015513,53.80364083690657,49.53956138544178,50.0,0,51.04843266534613,"[""Fund_from_FMP"", ""Fund_from_Finnhub""]",[],81.25,85.48432665346124
DGX,reduced,rr_gate=reduced;rel_gate=full;quality=good,1.1955407044694002,46.33349278348236,23.897399830735242,50.0,0,51.64580446716105,"[""Fund_from_FMP"", ""Fund_from_Finnhub""]",[],81.25,91.4580446716105
Q,full,rr_gate=full;rel_gate=full;quality=good,2.3305192390033165,49.575714347627695,46.72272810721165,50.0,0,50.56104420411834,"[""Fund_from_FMP"", ""Fund_from_Finnhub""]",[],81.25,80.61044204118339
RL,blocked,rr_gate=blocked;rel_gate=full;quality=good,0.6364658087363271,44.55957884535514,4.773493565522453,0.0,0,51.00120946097437,"[""Fund_from_FMP"", ""Fund_from_Finnhub""]",[],81.25,85.01209460974374
RJF,full,rr_gate=full;rel_gate=full;quality=good,3.395175997377828,52.90808307266238,49.06252690167346,50.0,0,51.48370053685929,"[""Fund_from_FMP"", ""Fund_from_Finnhub""]",[],81.25,89.83700536859287
RTX,reduced,rr_gate=reduced;rel_gate=full;quality=good,1.3442146426721373,46.754782857140235,25.131832668854592,50.0,0,51.48092619415883,"[""Fund_from_FMP"", ""Fund_from_Finnhub""]",[],81.25,89.80926194158832
O,full,rr_gate=full;rel_gate=full;quality=good,2.581040683798879,50.516598169803586,47.59575869009015,50.0,0,51.823174122712956,"[""Fund_from_FMP"", ""Fund_from_Finnhub""]",[],81.25,93.23174122712952
REG,full,rr_gate=full;rel_gate=full;quality=good,2.7987675846812228,51.15999572943656,47.99672900320698,50.0,0,51.757953169285926,"[""Fund_from_FMP"", ""Fund_from_Finnhub""]",[],81.25,92.57953169285928
REGN,reduced,rr_gate=reduced;rel_gate=full;quality=good,1.341185476197749,46.66579482950754,25.027646803869516,50.0,0,50.94825600609531,"[""Fund_from_FMP"", ""Fund_from_Finnhub""]",[],81.25,84.48256006095315
RF,full,rr_gate=full;rel_gate=full;quality=good,3.223386122021028,52.37993834860607,48.70354480288694,50.0,2,51.39853321695321,"[""Fund_from_FMP"", ""Fund_from_Finnhub""]",[],81.25,88.98533216953214
RSG,full,rr_gate=full;rel_gate=full;quality=good,5.0,57.770375126245966,52.271171529576144,50.0,0,51.8025008416398,"[""Fund_from_FMP"", ""Fund_from_Finnhub""]",[],81.25,93.02500841639798
RMD,full,rr_gate=full;rel_gate=full;quality=good,4.36629481200763,55.82339128392109,50.942506062623686,50.0,0,51.49671231932134,"[""Fund_from_FMP"", ""Fund_from_Finnhub""]",[],81.25,89.9671231932134
RVTY,full,rr_gate=full;rel_gate=full;quality=good,5.0,57.662163548679864,52.02456579247577,50.0,0,51.081090324532425,"[""Fund_from_FMP"", ""Fund_from_Finnhub""]",[],81.25,85.81090324532428
HOOD,reduced,rr_gate=full;rel_gate=reduced;quality=good,2.63882596156407,50.36231211296465,37.42007816262908,50.0,0,49.63889485514963,"[""Fund_from_FMP"", ""Fund_from_Finnhub""]",[],81.25,71.38894855149631
ROK,reduced,rr_gate=reduced;rel_gate=full;quality=good,1.1793303301221667,46.22566962038267,23.702313580647278,50.0,0,51.25119086677444,"[""Fund_from_FMP"", ""Fund_from_Finnhub""]",[],81.25,87.51190866774434
ROL,blocked,rr_gate=blocked;rel_gate=full;quality=good,0.26237815670944437,43.54014852353074,1.9678361753208327,0.0,0,51.68676035601601,"[""Fund_from_FMP"", ""Fund_from_Finnhub""]",[],81.25,91.86760356016009
ROP,full,rr_gate=full;rel_gate=full;quality=good,5.0,57.754805021790105,52.23564760803291,50.0,0,51.698700145267374,"[""Fund_from_FMP"", ""Fund_from_Finnhub""]",[],81.25,91.98700145267371
ROST,blocked,rr_gate=blocked;rel_gate=full;quality=good,0.6758147051103635,44.758271199904954,5.068610288327726,0.0,0,51.538847230492415,"[""Fund_from_FMP"", ""Fund_from_Finnhub""]",[],81.25,90.38847230492415
RCL,full,rr_gate=full;rel_gate=full;quality=good,5.0,57.624991756386436,51.94000729775226,50.0,0,50.8332783759096,"[""Fund_from_FMP"", ""Fund_from_Finnhub""]",[],81.25,83.332783759096
SPGI,full,rr_gate=full;rel_gate=full;quality=good,5.0,57.74032725387775,52.202628229143336,50.0,0,51.60218169251833,"[""Fund_from_FMP"", ""Fund_from_Finnhub""]",[],81.25,91.02181692518324
CRM,full,rr_gate=full;rel_gate=full;quality=good,5.0,57.68438155796235,52.07514476721729,50.0,0,51.22921038641566,"[""Fund_from_FMP"", ""Fund_from_Finnhub""]",[],81.25,87.29210386415662
SBAC,full,rr_gate=full;rel_gate=full;quality=good,5.0,57.73190720120921,52.183430116323436,50.0,0,51.54604800806141,"[""Fund_from_FMP"", ""Fund_from_Finnhub""]",[],81.25,90.4604800806141
SLB,full,rr_gate=full;rel_gate=full;quality=good,3.816466330030472,54.120756020210024,49.76474450343347,50.0,1,51.142380200790726,"[""Fund_from_FMP"", ""Fund_from_Finnhub""]",[],81.25,86.42380200790721
STX,reduced,rr_gate=reduced;rel_gate=full;quality=good,1.670706082133256,47.5971936512687,33.85085540153479,50.0,0,50.56716936579289,"[""Fund_from_FMP"", ""Fund_from_Finnhub""]",[],81.25,80.67169365792888
SRE,reduced,rr_gate=reduced;rel_gate=full;quality=good,1.211295138635547,46.33712345785196,23.98808574703707,50.0,0,51.35492027963544,"[""Fund_from_FMP"", ""Fund_from_Finnhub""]",[],81.25,88.54920279635432
NOW,full,rr_gate=full;rel_gate=full;quality=good,5.0,57.65125618317339,51.999745570793216,50.0,0,51.00837455448928,"[""Fund_from_FMP"", ""Fund_from_Finnhub""]",[],81.25,85.08374554489275
SHW,full,rr_gate=full;rel_gate=full;quality=good,4.9621490451261,57.621179589176826,52.11672621291266,50.0,0,51.56488302532349,"[""Fund_from_FMP"", ""Fund_from_Finnhub""]",[],81.25,90.64883025323489
SPG,reduced,rr_gate=reduced;rel_gate=full;quality=good,1.2075316798921425,46.34956329298627,23.97944252397945,50.0,0,51.51312168873226,"[""Fund_from_FMP"", ""Fund_from_Finnhub""]",[],81.25,90.13121688732261
SWKS,full,rr_gate=full;rel_gate=full;quality=good,5.0,57.58935456254453,51.85901322850661,50.0,0,50.59569708363017,"[""Fund_from_FMP"", ""Fund_from_Finnhub""]",[],81.25,80.95697083630168
SJM,full,rr_gate=full;rel_gate=full;quality=good,3.6293509957179446,53.59237986397113,49.475402465247925,50.0,0,51.362179178781986,"[""Fund_from_FMP"", ""Fund_from_Finnhub""]",[],81.25,88.62179178781986
SW,full,rr_gate=full;rel_gate=full;quality=good,5.0,57.656819288062835,52.012403834467165,50.0,1,51.0454619204189,"[""Fund_from_FMP"", ""Fund_from_Finnhub""]",[],81.25,85.45461920418903
SNA,full,rr_gate=full;rel_gate=full;quality=good,3.1422694868044396,52.162726277873396,48.60241130400452,50.0,0,51.572785449733864,"[""Fund_from_FMP"", ""Fund_from_Finnhub""]",[],81.25,90.72785449733865
SOLS,reduced,rr_gate=full;rel_gate=reduced;quality=good,2.8453016753944915,51.030550878514816,37.76696436495441,50.0,1,49.96430568220897,"[""Fund_from_FMP"", ""Fund_from_Finnhub""]",[],81.25,74.64305682208969
SOLV,reduced,rr_gate=reduced;rel_gate=full;quality=good,1.455643265125564,47.06363279627251,26.050006177811476,50.0,0,51.31135333930546,"[""Fund_from_FMP"", ""Fund_from_Finnhub""]",[],81.25,88.11353339305461
SO,full,rr_gate=full;rel_gate=full;quality=good,4.354245734581765,55.837867284159074,51.031916239605444,50.0,0,51.83420053609189,"[""Fund_from_FMP"", ""Fund_from_Finnhub""]",[],81.25,93.3420053609189
LUV,full,rr_gate=full;rel_gate=full;quality=good,2.8088227391477103,51.065263004084144,47.75492027980051,50.0,1,50.92529857760675,"[""Fund_from_FMP"", ""Fund_from_Finnhub""]",[],81.25,84.25298577606753
SWK,full,rr_gate=full;rel_gate=full;quality=good,5.0,57.622604522767325,51.934579487894354,50.0,0,50.81736348511551,"[""Fund_from_FMP"", ""Fund_from_Finnhub""]",[],81.25,83.17363485115507
SBUX,full,rr_gate=full;rel_gate=full;quality=good,5.0,57.68442849784961,52.075251654798976,50.0,0,51.22952331899737,"[""Fund_from_FMP"", ""Fund_from_Finnhub""]",[],81.25,87.29523318997374
STT,reduced,rr_gate=reduced;rel_gate=full;quality=good,1.8478196205048578,48.257880959003344,35.5989530601776,50.0,0,51.42948064992514,"[""Fund_from_FMP"", ""Fund_from_Finnhub""]",[],81.25,89.29480649925142
STLD,reduced,rr_gate=reduced;rel_gate=full;quality=good,1.1840629962561293,46.218464937716284,23.72147927496751,50.0,0,51.10850632631931,"[""Fund_from_FMP"", ""Fund_from_Finnhub""]",[],81.25,86.08506326319305
STE,blocked,rr_gate=blocked;rel_gate=full;quality=good,0.963235932330115,45.63288680343437,7.2242694924758615,0.0,0,51.6211933762935,"[""Fund_from_FMP"", ""Fund_from_Finnhub""]",[],81.25,91.21193376293496
SYK,full,rr_gate=full;rel_gate=full;quality=good,2.7182528722377004,50.90560323101173,47.81412162466677,50.0,0,51.672297428657515,"[""Fund_from_FMP"", ""Fund_from_Finnhub""]",[],81.25,91.72297428657518
SMCI,reduced,rr_gate=full;rel_gate=reduced;quality=good,5.0,57.425,40.54048656249999,50.0,1,49.5,"[""Fund_from_FMP"", ""Fund_from_Finnhub""]",[],81.25,70.0
SYF,reduced,rr_gate=reduced;rel_gate=full;quality=good,1.2370093570312444,46.370589109505445,24.163013763848596,50.0,0,51.06374025607808,"[""Fund_from_FMP"", ""Fund_from_Finnhub""]",[],81.25,85.63740256078076
SNPS,full,rr_gate=full;rel_gate=full;quality=good,5.0,57.55303802612668,51.77654922846657,50.0,0,50.353586840844514,"[""Fund_from_FMP"", ""Fund_from_Finnhub""]",[],81.25,78.53586840844511
SYY,full,rr_gate=full;rel_gate=full;quality=good,3.508801873280088,53.28134145176785,49.35171599693003,50.0,0,51.69957221285059,"[""Fund_from_FMP"", ""Fund_from_Finnhub""]",[],81.25,91.99572212850589
TMUS,full,rr_gate=full;rel_gate=full;quality=good,5.0,57.71636247162519,52.14799796272572,50.0,0,51.44241647750127,"[""Fund_from_FMP"", ""Fund_from_Finnhub""]",[],81.25,89.4241647750127
TROW,full,rr_gate=full;rel_gate=full;quality=good,5.0,57.7097641700085,52.132962147218144,50.0,0,51.39842780005668,"[""Fund_from_FMP"", ""Fund_from_Finnhub""]",[],81.25,88.98427800056679
TTWO,full,rr_gate=full;rel_gate=full;quality=good,2.0240709510506805,48.77337595783541,46.37101694557116,50.0,0,51.341087364555804,"[""Fund_from_FMP"", ""Fund_from_Finnhub""]",[],81.25,88.410873645558
TPR,full,rr_gate=full;rel_gate=full;quality=good,2.018336198985865,48.684081107212094,46.21414204165605,50.0,0,50.860483401696676,"[""Fund_from_FMP"", ""Fund_from_Finnhub""]",[],81.25,83.60483401696673
TRGP,full,rr_gate=full;rel_gate=full;quality=good,4.145957740227019,55.10589679691411,50.392350087154256,50.0,0,51.12015717488705,"[""Fund_from_FMP"", ""Fund_from_Finnhub""]",[],81.25,86.20157174887049
TGT,full,rr_gate=full;rel_gate=full;quality=good,5.0,57.683292938823,52.07266588987244,50.0,0,51.22195292548669,"[""Fund_from_FMP"", ""Fund_from_Finnhub""]",[],81.25,87.21952925486693
TEL,full,rr_gate=full;rel_gate=full;quality=good,2.3469556135770233,49.74671398050732,47.0036696948478,50.0,0,51.372314265175014,"[""Fund_from_FMP"", ""Fund_from_Finnhub""]",[],81.25,88.72314265175014
TDY,full,rr_gate=full;rel_gate=full;quality=good,5.0,57.744148990075445,52.211343291502736,50.0,0,51.62765993383633,"[""Fund_from_FMP"", ""Fund_from_Finnhub""]",[],81.25,91.27659933836327
TER,reduced,rr_gate=reduced;rel_gate=full;quality=good,1.9929891243300308,48.523013572262535,36.64320211654527,50.0,0,50.29364132848294,"[""Fund_from_FMP"", ""Fund_from_Finnhub""]",[],81.25,77.93641328482938
TSLA,full,rr_gate=full;rel_gate=full;quality=good,2.120940763229964,48.86744534119558,46.15939737865381,50.0,0,50.030820343371225,"[""Fund_from_FMP"", ""Fund_from_Finnhub""]",[],81.25,75.30820343371224
TXN,full,rr_gate=full;rel_gate=full;quality=good,5.0,57.65131069947836,51.99986960843794,50.0,0,51.00873799652237,"[""Fund_from_FMP"", ""Fund_from_Finnhub""]",[],81.25,85.08737996522373
TPL,full,rr_gate=full;rel_gate=full;quality=good,5.0,57.57559148961757,51.8277526085434,50.0,0,50.50394326411713,"[""Fund_from_FMP"", ""Fund_from_Finnhub""]",[],81.25,80.0394326411713
TXT,full,rr_gate=full;rel_gate=full;quality=good,3.0469135006563035,51.85750688959147,48.37765463456901,50.0,0,51.445109250817076,"[""Fund_from_FMP"", ""Fund_from_Finnhub""]",[],81.25,89.45109250817075
TMO,reduced,rr_gate=reduced;rel_gate=full;quality=good,1.4301055732779375,46.98244928686685,25.8293280064223,50.0,0,51.280883780220286,"[""Fund_from_FMP"", ""Fund_from_Finnhub""]",[],81.25,87.80883780220286
TJX,blocked,rr_gate=blocked;rel_gate=full;quality=good,0.609769159192518,44.602558739639065,4.573268693943884,0.0,0,51.82167508041009,"[""Fund_from_FMP"", ""Fund_from_Finnhub""]",[],81.25,93.21675080410085
TKO,full,rr_gate=full;rel_gate=full;quality=good,3.1336705316463696,52.08959204223751,48.48543548632238,50.0,0,51.25720298198938,"[""Fund_from_FMP"", ""Fund_from_Finnhub""]",[],81.25,87.57202981989383
TTD,reduced,rr_gate=full;rel_gate=reduced;quality=good,5.0,57.45059964667893,40.581041507229585,50.0,1,49.67066431119287,"[""Fund_from_FMP"", ""Fund_from_Finnhub""]",[],81.25,71.70664311192874
TSCO,full,rr_gate=full;rel_gate=full;quality=good,3.732469381893266,53.91335052221719,49.6996226406812,50.0,0,51.43961584358266,"[""Fund_from_FMP"", ""Fund_from_Finnhub""]",[],81.25,89.39615843582659
TT,full,rr_gate=full;rel_gate=full;quality=good,3.1662353332247184,52.213664453106105,48.60421786468935,50.0,0,51.43305635621299,"[""Fund_from_FMP"", ""Fund_from_Finnhub""]",[],81.25,89.33056356212983
TDG,full,rr_gate=full;rel_gate=full;quality=good,2.929616579783721,51.50738937886023,48.1548922410525,50.0,0,51.45693093006047,"[""Fund_from_FMP"", ""Fund_from_Finnhub""]",[],81.25,89.56930930060474
TRV,blocked,rr_gate=blocked;rel_gate=full;quality=good,0.416521623002243,43.99517840987691,3.1239121725168224,0.0,0,51.63742360580121,"[""Fund_from_FMP"", ""Fund_from_Finnhub""]",[],81.25,91.37423605801207
TRMB,full,rr_gate=full;rel_gate=full;quality=good,2.5207200544065915,50.266312788551865,47.335531061478974,50.0,0,51.36101750221396,"[""Fund_from_FMP"", ""Fund_from_Finnhub""]",[],81.25,88.61017502213963
TFC,reduced,rr_gate=reduced;rel_gate=full;quality=good,1.4185090285002753,46.966534262502975,25.74979608387588,50.0,1,51.406714513347666,"[""Fund_from_FMP"", ""Fund_from_Finnhub""]",[],81.25,89.06714513347664
TYL,full,rr_gate=full;rel_gate=full;quality=good,5.0,57.720520551769525,52.15747441456725,50.0,0,51.47013701179684,"[""Fund_from_FMP"", ""Fund_from_Finnhub""]",[],81.25,89.70137011796838
TSN,full,rr_gate=full;rel_gate=full;quality=good,3.891986437299162,54.42766948048419,50.08580589986224,50.0,0,51.678067790578034,"[""Fund_from_FMP"", ""Fund_from_Finnhub""]",[],81.25,91.78067790578032
USB,full,rr_gate=full;rel_gate=full;quality=good,2.7256021922172624,50.897121961532655,47.76462878921511,50.0,1,51.46876923253914,"[""Fund_from_FMP"", ""Fund_from_Finnhub""]",[],81.25,89.68769232539138
UBER,full,rr_gate=full;rel_gate=full;quality=good,3.0823953224975416,51.90020451467494,48.31139503841545,50.0,0,51.02012364788207,"[""Fund_from_FMP"", ""Fund_from_Finnhub""]",[],81.25,85.20123647882075
UDR,full,rr_gate=full;rel_gate=full;quality=good,5.0,57.74612955693184,52.215860088878046,50.0,1,51.64086371287893,"[""Fund_from_FMP"", ""Fund_from_Finnhub""]",[],81.25,91.4086371287893
ULTA,full,rr_gate=full;rel_gate=full;quality=good,2.9155075619035045,51.406145602172934,48.0039097897967,50.0,0,51.0641527764161,"[""Fund_from_FMP"", ""Fund_from_Finnhub""]",[],81.25,85.64152776416098
UNP,full,rr_gate=full;rel_gate=full;quality=good,5.0,57.74662743322909,52.21699555955921,50.0,0,51.64418288819393,"[""Fund_from_FMP"", ""Fund_from_Finnhub""]",[],81.25,91.44182888193932
UAL,full,rr_gate=full;rel_gate=full;quality=good,2.802471130842419,50.95994572723578,47.56281500734016,50.0,0,50.35021556472347,"[""Fund_from_FMP"", ""Fund_from_Finnhub""]",[],81.25,78.50215564723473
UPS,full,rr_gate=full;rel_gate=full;quality=good,5.0,57.69030419991421,52.088632297646505,50.0,0,51.2686946660947,"[""Fund_from_FMP"", ""Fund_from_Finnhub""]",[],81.25,87.68694666094704
URI,full,rr_gate=full;rel_gate=full;quality=good,5.0,57.6673788944264,52.03643593870499,50.0,0,51.11585929617599,"[""Fund_from_FMP"", ""Fund_from_Finnhub""]",[],81.25,86.15859296175988
UNH,full,rr_gate=full;rel_gate=full;quality=good,5.0,57.601002920016974,51.885478997084284,50.0,0,50.673352800113165,"[""Fund_from_FMP"", ""Fund_from_Finnhub""]",[],81.25,81.7335280011316
UHS,blocked,rr_gate=blocked;rel_gate=full;quality=good,0.3726730221682582,43.80834549098306,2.795047666261936,0.0,0,51.26884282985523,"[""Fund_from_FMP"", ""Fund_from_Finnhub""]",[],81.25,87.68842829855227
VLO,reduced,rr_gate=reduced;rel_gate=full;quality=good,1.1970554157505564,46.25302498464942,23.827125461838104,50.0,0,51.07905824931836,"[""Fund_from_FMP"", ""Fund_from_Finnhub""]",[],81.25,85.79058249318358
VTR,blocked,rr_gate=blocked;rel_gate=full;quality=good,0.2457740707817101,43.48407435458937,1.8433055308628257,0.0,0,51.64501428162825,"[""Fund_from_FMP"", ""Fund_from_Finnhub""]",[],81.25,91.45014281628252
VLTO,full,rr_gate=full;rel_gate=full;quality=good,4.043843187551539,54.88906962739795,50.392305699589876,50.0,0,51.7169337649556,"[""Fund_from_FMP"", ""Fund_from_Finnhub""]",[],81.25,92.16933764955594
VRSN,full,rr_gate=full;rel_gate=full;quality=good,5.0,57.728663859666476,52.176036218131,50.0,0,51.52442573110984,"[""Fund_from_FMP"", ""Fund_from_Finnhub""]",[],81.25,90.24425731109838
VRSK,full,rr_gate=full;rel_gate=full;quality=good,5.0,57.73304371104024,52.186021177210115,50.0,0,51.553624740268276,"[""Fund_from_FMP"", ""Fund_from_Finnhub""]",[],81.25,90.53624740268272
VZ,full,rr_gate=full;rel_gate=full;quality=good,3.2172447059487372,52.40693682277684,48.788363332158774,50.0,1,51.70135136620421,"[""Fund_from_FMP"", ""Fund_from_Finnhub""]",[],81.25,92.01351366204206
VRTX,full,rr_gate=full;rel_gate=full;quality=good,3.888668067903869,54.34316647235343,49.91654945475228,50.0,0,51.18108179094549,"[""Fund_from_FMP"", ""Fund_from_Finnhub""]",[],81.25,86.81081790945488
VTRS,full,rr_gate=full;rel_gate=full;quality=good,3.7543321391802005,53.93570390191152,49.64793906339769,50.0,4,51.151383229139476,"[""Fund_from_FMP"", ""Fund_from_Finnhub""]",[],81.25,86.51383229139476
VICI,full,rr_gate=full;rel_gate=full;quality=good,5.0,57.76738326253341,52.26434438633308,50.0,1,51.78255508355607,"[""Fund_from_FMP"", ""Fund_from_Finnhub""]",[],81.25,92.82555083556069
V,full,rr_gate=full;rel_gate=full;quality=good,4.128782691935473,55.13711251029245,50.54165798571679,50.0,0,51.67176289657352,"[""Fund_from_FMP"", ""Fund_from_Finnhub""]",[],81.25,91.7176289657352
VST,reduced,rr_gate=full;rel_gate=reduced;quality=good,2.3987187768653135,49.690719851826586,37.16912590676469,50.0,0,49.963756808204295,"[""Fund_from_FMP"", ""Fund_from_Finnhub""]",[],81.25,74.63756808204296
VMC,reduced,rr_gate=reduced;rel_gate=full;quality=good,1.760532685366108,48.02170461110627,34.86236562313766,50.0,0,51.60071036671967,"[""Fund_from_FMP"", ""Fund_from_Finnhub""]",[],81.25,91.0071036671967
WRB,blocked,rr_gate=blocked;rel_gate=full;quality=good,0.7133506784578766,44.890987027387226,5.350130088434074,0.0,0,51.672899946757326,"[""Fund_from_FMP"", ""Fund_from_Finnhub""]",[],81.25,91.72899946757326
GWW,full,rr_gate=full;rel_gate=full;quality=good,5.0,57.74627460907064,52.216190897413846,50.0,0,51.641830727137595,"[""Fund_from_FMP"", ""Fund_from_Finnhub""]",[],81.25,91.41830727137594
WAB,full,rr_gate=full;rel_gate=full;quality=good,2.0499796717905854,48.86357539082114,46.446302030558265,50.0,0,51.42424250299587,"[""Fund_from_FMP"", ""Fund_from_Finnhub""]",[],81.25,89.24242502995868
WMT,blocked,rr_gate=blocked;rel_gate=full;quality=good,0.769188736491462,45.04103008872111,5.7689155236859655,0.0,0,51.55642586164479,"[""Fund_from_FMP"", ""Fund_from_Finnhub""]",[],81.25,90.5642586164479
DIS,full,rr_gate=full;rel_gate=full;quality=good,4.470434838790169,56.11972778925998,51.10773175693919,50.0,0,51.38948848592985,"[""Fund_from_FMP"", ""Fund_from_Finnhub""]",[],81.25,88.89488485929851
WBD,blocked,rr_gate=blocked;rel_gate=full;quality=good,0.367437513800937,43.61825840024132,2.7557813535070275,0.0,0,50.10630572559003,"[""Fund_from_FMP"", ""Fund_from_Finnhub""]",[],81.25,76.06305725590032
WM,full,rr_gate=full;rel_gate=full;quality=good,3.4212297017164817,53.0329140098426,49.2130198158385,50.0,0,51.794832697954384,"[""Fund_from_FMP"", ""Fund_from_Finnhub""]",[],81.25,92.94832697954382
WAT,full,rr_gate=full;rel_gate=full;quality=good,2.1922416512250193,49.24590365175544,46.630318717519316,50.0,0,51.12785798720257,"[""Fund_from_FMP"", ""Fund_from_Finnhub""]",[],81.25,86.27857987202565
WEC,full,rr_gate=full;rel_gate=full;quality=good,2.496450050120437,50.268301626632116,47.44334410051526,50.0,0,51.85967650847202,"[""Fund_from_FMP"", ""Fund_from_Finnhub""]",[],81.25,93.59676508472023
WFC,reduced,rr_gate=reduced;rel_gate=full;quality=good,1.4592227272449905,47.086520508135166,26.09231569876689,50.0,0,51.392348842668014,"[""Fund_from_FMP"", ""Fund_from_Finnhub""]",[],81.25,88.92348842668011
WELL,blocked,rr_gate=blocked;rel_gate=full;quality=good,0.15578947049128145,43.219651084541134,1.1684210286846108,0.0,0,51.68188448711529,"[""Fund_from_FMP"", ""Fund_from_Finnhub""]",[],81.25,91.81884487115292
WST,full,rr_gate=full;rel_gate=full;quality=good,5.0,57.558937539376394,51.78994017553701,50.0,0,50.39291692917597,"[""Fund_from_FMP"", ""Fund_from_Finnhub""]",[],81.25,78.92916929175968
WDC,reduced,rr_gate=reduced;rel_gate=full;quality=good,1.745236871532742,47.80771826835695,34.4917474926271,50.0,0,50.480051025058174,"[""Fund_from_FMP"", ""Fund_from_Finnhub""]",[],81.25,79.80051025058171
WY,full,rr_gate=full;rel_gate=full;quality=good,5.0,57.71814664345841,52.15206405065054,50.0,2,51.45431095638939,"[""Fund_from_FMP"", ""Fund_from_Finnhub""]",[],81.25,89.54310956389394
WSM,full,rr_gate=full;rel_gate=full;quality=good,3.0582861641919092,51.81138119030955,48.23016934560248,50.0,0,50.91015131822551,"[""Fund_from_FMP"", ""Fund_from_Finnhub""]",[],81.25,84.1015131822551
WMB,reduced,rr_gate=reduced;rel_gate=full;quality=good,1.9400633593812315,48.539288144111495,36.42205733542626,50.0,0,51.460653773118665,"[""Fund_from_FMP"", ""Fund_from_Finnhub""]",[],81.25,89.60653773118665
WTW,full,rr_gate=full;rel_gate=full;quality=good,3.0086732301094967,51.78202751818787,48.3866463338122,50.0,0,51.70671885239585,"[""Fund_from_FMP"", ""Fund_from_Finnhub""]",[],81.25,92.06718852395855
WDAY,full,rr_gate=full;rel_gate=full;quality=good,5.0,57.674301163794354,52.05219342997871,50.0,0,51.16200775862905,"[""Fund_from_FMP"", ""Fund_from_Finnhub""]",[],81.25,86.6200775862905
WYNN,reduced,rr_gate=reduced;rel_gate=full;quality=good,1.706084011435896,47.76200635213997,34.245600980800496,50.0,0,50.958362118881894,"[""Fund_from_FMP"", ""Fund_from_Finnhub""]",[],81.25,84.58362118881892
XEL,reduced,rr_gate=reduced;rel_gate=full;quality=good,1.403003430775087,46.970128103328115,25.668004505047904,50.0,0,51.740785406685696,"[""Fund_from_FMP"", ""Fund_from_Finnhub""]",[],81.25,92.40785406685697
XYL,full,rr_gate=full;rel_gate=full;quality=good,2.884965505803002,51.388753562927846,48.100829688664966,50.0,0,51.55904697012562,"[""Fund_from_FMP"", ""Fund_from_Finnhub""]",[],81.25,90.59046970125618
YUM,full,rr_gate=full;rel_gate=full;quality=good,2.1033048798197456,49.047387459225426,46.597719778315906,50.0,0,51.583152131774604,"[""Fund_from_FMP"", ""Fund_from_Finnhub""]",[],81.25,90.83152131774605
